Copyright 1986-2022 Xilinx, Inc. All Rights Reserved. Copyright 2022-2024 Advanced Micro Devices, Inc. All Rights Reserved.
---------------------------------------------------------------------------------------------------------------------------------------------------------------------------------------------------------------------------------
| Tool Version : Vivado v.2024.1 (win64) Build 5076996 Wed May 22 18:37:14 MDT 2024
| Date         : Wed Sep 16 16:46:40 2026
| Host         : fox-26 running 64-bit major release  (build 9200)
| Command      : report_timing_summary -max_paths 10 -report_unconstrained -file keyboard_top_timing_summary_routed.rpt -pb keyboard_top_timing_summary_routed.pb -rpx keyboard_top_timing_summary_routed.rpx -warn_on_violation
| Design       : keyboard_top
| Device       : 7a100t-csg324
| Speed File   : -1  PRODUCTION 1.23 2018-06-13
| Design State : Routed
---------------------------------------------------------------------------------------------------------------------------------------------------------------------------------------------------------------------------------

Timing Summary Report

------------------------------------------------------------------------------------------------
| Timer Settings
| --------------
------------------------------------------------------------------------------------------------

  Enable Multi Corner Analysis               :  Yes
  Enable Pessimism Removal                   :  Yes
  Pessimism Removal Resolution               :  Nearest Common Node
  Enable Input Delay Default Clock           :  No
  Enable Preset / Clear Arcs                 :  No
  Disable Flight Delays                      :  No
  Ignore I/O Paths                           :  No
  Timing Early Launch at Borrowing Latches   :  No
  Borrow Time for Max Delay Exceptions       :  Yes
  Merge Timing Exceptions                    :  Yes
  Inter-SLR Compensation                     :  Conservative

  Corner  Analyze    Analyze    
  Name    Max Paths  Min Paths  
  ------  ---------  ---------  
  Slow    Yes        Yes        
  Fast    Yes        Yes        


------------------------------------------------------------------------------------------------
| Report Methodology
| ------------------
------------------------------------------------------------------------------------------------

Rule       Severity  Description                    Violations  
---------  --------  -----------------------------  ----------  
TIMING-18  Warning   Missing input or output delay  23          

Note: This report is based on the most recent report_methodology run and may not be up-to-date. Run report_methodology on the current design for the latest report.



check_timing report

Table of Contents
-----------------
1. checking no_clock (0)
2. checking constant_clock (0)
3. checking pulse_width_clock (0)
4. checking unconstrained_internal_endpoints (0)
5. checking no_input_delay (3)
6. checking no_output_delay (19)
7. checking multiple_clock (0)
8. checking generated_clocks (0)
9. checking loops (0)
10. checking partial_input_delay (0)
11. checking partial_output_delay (0)
12. checking latch_loops (0)

1. checking no_clock (0)
------------------------
 There are 0 register/latch pins with no clock.


2. checking constant_clock (0)
------------------------------
 There are 0 register/latch pins with constant_clock.


3. checking pulse_width_clock (0)
---------------------------------
 There are 0 register/latch pins which need pulse_width check


4. checking unconstrained_internal_endpoints (0)
------------------------------------------------
 There are 0 pins that are not constrained for maximum delay.

 There are 0 pins that are not constrained for maximum delay due to constant clock.


5. checking no_input_delay (3)
------------------------------
 There are 3 input ports with no input delay specified. (HIGH)

 There are 0 input ports with no input delay but user has a false path constraint.


6. checking no_output_delay (19)
--------------------------------
 There are 19 ports with no output delay specified. (HIGH)

 There are 0 ports with no output delay but user has a false path constraint

 There are 0 ports with no output delay but with a timing clock defined on it or propagating through it


7. checking multiple_clock (0)
------------------------------
 There are 0 register/latch pins with multiple clocks.


8. checking generated_clocks (0)
--------------------------------
 There are 0 generated clocks that are not connected to a clock source.


9. checking loops (0)
---------------------
 There are 0 combinational loops in the design.


10. checking partial_input_delay (0)
------------------------------------
 There are 0 input ports with partial input delay specified.


11. checking partial_output_delay (0)
-------------------------------------
 There are 0 ports with partial output delay specified.


12. checking latch_loops (0)
----------------------------
 There are 0 combinational latch loops in the design through latch input



------------------------------------------------------------------------------------------------
| Design Timing Summary
| ---------------------
------------------------------------------------------------------------------------------------

    WNS(ns)      TNS(ns)  TNS Failing Endpoints  TNS Total Endpoints      WHS(ns)      THS(ns)  THS Failing Endpoints  THS Total Endpoints     WPWS(ns)     TPWS(ns)  TPWS Failing Endpoints  TPWS Total Endpoints  
    -------      -------  ---------------------  -------------------      -------      -------  ---------------------  -------------------     --------     --------  ----------------------  --------------------  
      6.934        0.000                      0                  146        0.172        0.000                      0                  146        4.500        0.000                       0                    80  


All user specified timing constraints are met.


------------------------------------------------------------------------------------------------
| Clock Summary
| -------------
------------------------------------------------------------------------------------------------

Clock  Waveform(ns)       Period(ns)      Frequency(MHz)
-----  ------------       ----------      --------------
clk    {0.000 5.000}      10.000          100.000         


------------------------------------------------------------------------------------------------
| Intra Clock Table
| -----------------
------------------------------------------------------------------------------------------------

Clock             WNS(ns)      TNS(ns)  TNS Failing Endpoints  TNS Total Endpoints      WHS(ns)      THS(ns)  THS Failing Endpoints  THS Total Endpoints     WPWS(ns)     TPWS(ns)  TPWS Failing Endpoints  TPWS Total Endpoints  
-----             -------      -------  ---------------------  -------------------      -------      -------  ---------------------  -------------------     --------     --------  ----------------------  --------------------  
clk                 6.934        0.000                      0                  146        0.172        0.000                      0                  146        4.500        0.000                       0                    80  


------------------------------------------------------------------------------------------------
| Inter Clock Table
| -----------------
------------------------------------------------------------------------------------------------

From Clock    To Clock          WNS(ns)      TNS(ns)  TNS Failing Endpoints  TNS Total Endpoints      WHS(ns)      THS(ns)  THS Failing Endpoints  THS Total Endpoints  
----------    --------          -------      -------  ---------------------  -------------------      -------      -------  ---------------------  -------------------  


------------------------------------------------------------------------------------------------
| Other Path Groups Table
| -----------------------
------------------------------------------------------------------------------------------------

Path Group    From Clock    To Clock          WNS(ns)      TNS(ns)  TNS Failing Endpoints  TNS Total Endpoints      WHS(ns)      THS(ns)  THS Failing Endpoints  THS Total Endpoints  
----------    ----------    --------          -------      -------  ---------------------  -------------------      -------      -------  ---------------------  -------------------  


------------------------------------------------------------------------------------------------
| User Ignored Path Table
| -----------------------
------------------------------------------------------------------------------------------------

Path Group    From Clock    To Clock    
----------    ----------    --------    


------------------------------------------------------------------------------------------------
| Unconstrained Path Table
| ------------------------
------------------------------------------------------------------------------------------------

Path Group    From Clock    To Clock    
----------    ----------    --------    
(none)        clk                         
(none)                      clk           


------------------------------------------------------------------------------------------------
| Timing Details
| --------------
------------------------------------------------------------------------------------------------


---------------------------------------------------------------------------------------------------
From Clock:  clk
  To Clock:  clk

Setup :            0  Failing Endpoints,  Worst Slack        6.934ns,  Total Violation        0.000ns
Hold  :            0  Failing Endpoints,  Worst Slack        0.172ns,  Total Violation        0.000ns
PW    :            0  Failing Endpoints,  Worst Slack        4.500ns,  Total Violation        0.000ns
---------------------------------------------------------------------------------------------------


Max Delay Paths
--------------------------------------------------------------------------------------
Slack (MET) :             6.934ns  (required time - arrival time)
  Source:                 keyboard_ctrl_inst/cycle_counter_reg[5]/C
                            (rising edge-triggered cell FDRE clocked by clk  {rise@0.000ns fall@5.000ns period=10.000ns})
  Destination:            keyboard_ctrl_inst/cycle_counter_reg[4]/R
                            (rising edge-triggered cell FDRE clocked by clk  {rise@0.000ns fall@5.000ns period=10.000ns})
  Path Group:             clk
  Path Type:              Setup (Max at Slow Process Corner)
  Requirement:            10.000ns  (clk rise@10.000ns - clk rise@0.000ns)
  Data Path Delay:        2.602ns  (logic 0.704ns (27.058%)  route 1.898ns (72.942%))
  Logic Levels:           2  (LUT4=1 LUT6=1)
  Clock Path Skew:        0.000ns (DCD - SCD + CPR)
    Destination Clock Delay (DCD):    5.023ns = ( 15.023 - 10.000 ) 
    Source Clock Delay      (SCD):    5.322ns
    Clock Pessimism Removal (CPR):    0.299ns
  Clock Uncertainty:      0.035ns  ((TSJ^2 + TIJ^2)^1/2 + DJ) / 2 + PE
    Total System Jitter     (TSJ):    0.071ns
    Total Input Jitter      (TIJ):    0.000ns
    Discrete Jitter          (DJ):    0.000ns
    Phase Error              (PE):    0.000ns

    Location             Delay type                Incr(ns)  Path(ns)    Netlist Resource(s)
  -------------------------------------------------------------------    -------------------
                         (clock clk rise edge)        0.000     0.000 r  
    E3                                                0.000     0.000 r  clk (IN)
                         net (fo=0)                   0.000     0.000    clk
    E3                   IBUF (Prop_ibuf_I_O)         1.482     1.482 r  clk_IBUF_inst/O
                         net (fo=1, routed)           2.025     3.506    clk_IBUF
    BUFGCTRL_X0Y16       BUFG (Prop_bufg_I_O)         0.096     3.602 r  clk_IBUF_BUFG_inst/O
                         net (fo=79, routed)          1.719     5.322    keyboard_ctrl_inst/CLK
    SLICE_X82Y81         FDRE                                         r  keyboard_ctrl_inst/cycle_counter_reg[5]/C
  -------------------------------------------------------------------    -------------------
    SLICE_X82Y81         FDRE (Prop_fdre_C_Q)         0.456     5.778 r  keyboard_ctrl_inst/cycle_counter_reg[5]/Q
                         net (fo=2, routed)           0.867     6.645    keyboard_ctrl_inst/cycle_counter_reg[5]
    SLICE_X83Y80         LUT6 (Prop_lut6_I5_O)        0.124     6.769 r  keyboard_ctrl_inst/num_cycles[1]_i_2/O
                         net (fo=3, routed)           0.415     7.185    keyboard_ctrl_inst/num_cycles[1]_i_2_n_0
    SLICE_X83Y81         LUT4 (Prop_lut4_I1_O)        0.124     7.309 r  keyboard_ctrl_inst/cycle_counter[0]_i_1/O
                         net (fo=8, routed)           0.615     7.923    keyboard_ctrl_inst/cycle_counter[0]_i_1_n_0
    SLICE_X82Y81         FDRE                                         r  keyboard_ctrl_inst/cycle_counter_reg[4]/R
  -------------------------------------------------------------------    -------------------

                         (clock clk rise edge)       10.000    10.000 r  
    E3                                                0.000    10.000 r  clk (IN)
                         net (fo=0)                   0.000    10.000    clk
    E3                   IBUF (Prop_ibuf_I_O)         1.411    11.411 r  clk_IBUF_inst/O
                         net (fo=1, routed)           1.920    13.331    clk_IBUF
    BUFGCTRL_X0Y16       BUFG (Prop_bufg_I_O)         0.091    13.422 r  clk_IBUF_BUFG_inst/O
                         net (fo=79, routed)          1.600    15.023    keyboard_ctrl_inst/CLK
    SLICE_X82Y81         FDRE                                         r  keyboard_ctrl_inst/cycle_counter_reg[4]/C
                         clock pessimism              0.299    15.322    
                         clock uncertainty           -0.035    15.286    
    SLICE_X82Y81         FDRE (Setup_fdre_C_R)       -0.429    14.857    keyboard_ctrl_inst/cycle_counter_reg[4]
  -------------------------------------------------------------------
                         required time                         14.857    
                         arrival time                          -7.923    
  -------------------------------------------------------------------
                         slack                                  6.934    

Slack (MET) :             6.934ns  (required time - arrival time)
  Source:                 keyboard_ctrl_inst/cycle_counter_reg[5]/C
                            (rising edge-triggered cell FDRE clocked by clk  {rise@0.000ns fall@5.000ns period=10.000ns})
  Destination:            keyboard_ctrl_inst/cycle_counter_reg[5]/R
                            (rising edge-triggered cell FDRE clocked by clk  {rise@0.000ns fall@5.000ns period=10.000ns})
  Path Group:             clk
  Path Type:              Setup (Max at Slow Process Corner)
  Requirement:            10.000ns  (clk rise@10.000ns - clk rise@0.000ns)
  Data Path Delay:        2.602ns  (logic 0.704ns (27.058%)  route 1.898ns (72.942%))
  Logic Levels:           2  (LUT4=1 LUT6=1)
  Clock Path Skew:        0.000ns (DCD - SCD + CPR)
    Destination Clock Delay (DCD):    5.023ns = ( 15.023 - 10.000 ) 
    Source Clock Delay      (SCD):    5.322ns
    Clock Pessimism Removal (CPR):    0.299ns
  Clock Uncertainty:      0.035ns  ((TSJ^2 + TIJ^2)^1/2 + DJ) / 2 + PE
    Total System Jitter     (TSJ):    0.071ns
    Total Input Jitter      (TIJ):    0.000ns
    Discrete Jitter          (DJ):    0.000ns
    Phase Error              (PE):    0.000ns

    Location             Delay type                Incr(ns)  Path(ns)    Netlist Resource(s)
  -------------------------------------------------------------------    -------------------
                         (clock clk rise edge)        0.000     0.000 r  
    E3                                                0.000     0.000 r  clk (IN)
                         net (fo=0)                   0.000     0.000    clk
    E3                   IBUF (Prop_ibuf_I_O)         1.482     1.482 r  clk_IBUF_inst/O
                         net (fo=1, routed)           2.025     3.506    clk_IBUF
    BUFGCTRL_X0Y16       BUFG (Prop_bufg_I_O)         0.096     3.602 r  clk_IBUF_BUFG_inst/O
                         net (fo=79, routed)          1.719     5.322    keyboard_ctrl_inst/CLK
    SLICE_X82Y81         FDRE                                         r  keyboard_ctrl_inst/cycle_counter_reg[5]/C
  -------------------------------------------------------------------    -------------------
    SLICE_X82Y81         FDRE (Prop_fdre_C_Q)         0.456     5.778 r  keyboard_ctrl_inst/cycle_counter_reg[5]/Q
                         net (fo=2, routed)           0.867     6.645    keyboard_ctrl_inst/cycle_counter_reg[5]
    SLICE_X83Y80         LUT6 (Prop_lut6_I5_O)        0.124     6.769 r  keyboard_ctrl_inst/num_cycles[1]_i_2/O
                         net (fo=3, routed)           0.415     7.185    keyboard_ctrl_inst/num_cycles[1]_i_2_n_0
    SLICE_X83Y81         LUT4 (Prop_lut4_I1_O)        0.124     7.309 r  keyboard_ctrl_inst/cycle_counter[0]_i_1/O
                         net (fo=8, routed)           0.615     7.923    keyboard_ctrl_inst/cycle_counter[0]_i_1_n_0
    SLICE_X82Y81         FDRE                                         r  keyboard_ctrl_inst/cycle_counter_reg[5]/R
  -------------------------------------------------------------------    -------------------

                         (clock clk rise edge)       10.000    10.000 r  
    E3                                                0.000    10.000 r  clk (IN)
                         net (fo=0)                   0.000    10.000    clk
    E3                   IBUF (Prop_ibuf_I_O)         1.411    11.411 r  clk_IBUF_inst/O
                         net (fo=1, routed)           1.920    13.331    clk_IBUF
    BUFGCTRL_X0Y16       BUFG (Prop_bufg_I_O)         0.091    13.422 r  clk_IBUF_BUFG_inst/O
                         net (fo=79, routed)          1.600    15.023    keyboard_ctrl_inst/CLK
    SLICE_X82Y81         FDRE                                         r  keyboard_ctrl_inst/cycle_counter_reg[5]/C
                         clock pessimism              0.299    15.322    
                         clock uncertainty           -0.035    15.286    
    SLICE_X82Y81         FDRE (Setup_fdre_C_R)       -0.429    14.857    keyboard_ctrl_inst/cycle_counter_reg[5]
  -------------------------------------------------------------------
                         required time                         14.857    
                         arrival time                          -7.923    
  -------------------------------------------------------------------
                         slack                                  6.934    

Slack (MET) :             6.934ns  (required time - arrival time)
  Source:                 keyboard_ctrl_inst/cycle_counter_reg[5]/C
                            (rising edge-triggered cell FDRE clocked by clk  {rise@0.000ns fall@5.000ns period=10.000ns})
  Destination:            keyboard_ctrl_inst/cycle_counter_reg[6]/R
                            (rising edge-triggered cell FDRE clocked by clk  {rise@0.000ns fall@5.000ns period=10.000ns})
  Path Group:             clk
  Path Type:              Setup (Max at Slow Process Corner)
  Requirement:            10.000ns  (clk rise@10.000ns - clk rise@0.000ns)
  Data Path Delay:        2.602ns  (logic 0.704ns (27.058%)  route 1.898ns (72.942%))
  Logic Levels:           2  (LUT4=1 LUT6=1)
  Clock Path Skew:        0.000ns (DCD - SCD + CPR)
    Destination Clock Delay (DCD):    5.023ns = ( 15.023 - 10.000 ) 
    Source Clock Delay      (SCD):    5.322ns
    Clock Pessimism Removal (CPR):    0.299ns
  Clock Uncertainty:      0.035ns  ((TSJ^2 + TIJ^2)^1/2 + DJ) / 2 + PE
    Total System Jitter     (TSJ):    0.071ns
    Total Input Jitter      (TIJ):    0.000ns
    Discrete Jitter          (DJ):    0.000ns
    Phase Error              (PE):    0.000ns

    Location             Delay type                Incr(ns)  Path(ns)    Netlist Resource(s)
  -------------------------------------------------------------------    -------------------
                         (clock clk rise edge)        0.000     0.000 r  
    E3                                                0.000     0.000 r  clk (IN)
                         net (fo=0)                   0.000     0.000    clk
    E3                   IBUF (Prop_ibuf_I_O)         1.482     1.482 r  clk_IBUF_inst/O
                         net (fo=1, routed)           2.025     3.506    clk_IBUF
    BUFGCTRL_X0Y16       BUFG (Prop_bufg_I_O)         0.096     3.602 r  clk_IBUF_BUFG_inst/O
                         net (fo=79, routed)          1.719     5.322    keyboard_ctrl_inst/CLK
    SLICE_X82Y81         FDRE                                         r  keyboard_ctrl_inst/cycle_counter_reg[5]/C
  -------------------------------------------------------------------    -------------------
    SLICE_X82Y81         FDRE (Prop_fdre_C_Q)         0.456     5.778 r  keyboard_ctrl_inst/cycle_counter_reg[5]/Q
                         net (fo=2, routed)           0.867     6.645    keyboard_ctrl_inst/cycle_counter_reg[5]
    SLICE_X83Y80         LUT6 (Prop_lut6_I5_O)        0.124     6.769 r  keyboard_ctrl_inst/num_cycles[1]_i_2/O
                         net (fo=3, routed)           0.415     7.185    keyboard_ctrl_inst/num_cycles[1]_i_2_n_0
    SLICE_X83Y81         LUT4 (Prop_lut4_I1_O)        0.124     7.309 r  keyboard_ctrl_inst/cycle_counter[0]_i_1/O
                         net (fo=8, routed)           0.615     7.923    keyboard_ctrl_inst/cycle_counter[0]_i_1_n_0
    SLICE_X82Y81         FDRE                                         r  keyboard_ctrl_inst/cycle_counter_reg[6]/R
  -------------------------------------------------------------------    -------------------

                         (clock clk rise edge)       10.000    10.000 r  
    E3                                                0.000    10.000 r  clk (IN)
                         net (fo=0)                   0.000    10.000    clk
    E3                   IBUF (Prop_ibuf_I_O)         1.411    11.411 r  clk_IBUF_inst/O
                         net (fo=1, routed)           1.920    13.331    clk_IBUF
    BUFGCTRL_X0Y16       BUFG (Prop_bufg_I_O)         0.091    13.422 r  clk_IBUF_BUFG_inst/O
                         net (fo=79, routed)          1.600    15.023    keyboard_ctrl_inst/CLK
    SLICE_X82Y81         FDRE                                         r  keyboard_ctrl_inst/cycle_counter_reg[6]/C
                         clock pessimism              0.299    15.322    
                         clock uncertainty           -0.035    15.286    
    SLICE_X82Y81         FDRE (Setup_fdre_C_R)       -0.429    14.857    keyboard_ctrl_inst/cycle_counter_reg[6]
  -------------------------------------------------------------------
                         required time                         14.857    
                         arrival time                          -7.923    
  -------------------------------------------------------------------
                         slack                                  6.934    

Slack (MET) :             6.934ns  (required time - arrival time)
  Source:                 keyboard_ctrl_inst/cycle_counter_reg[5]/C
                            (rising edge-triggered cell FDRE clocked by clk  {rise@0.000ns fall@5.000ns period=10.000ns})
  Destination:            keyboard_ctrl_inst/cycle_counter_reg[7]/R
                            (rising edge-triggered cell FDRE clocked by clk  {rise@0.000ns fall@5.000ns period=10.000ns})
  Path Group:             clk
  Path Type:              Setup (Max at Slow Process Corner)
  Requirement:            10.000ns  (clk rise@10.000ns - clk rise@0.000ns)
  Data Path Delay:        2.602ns  (logic 0.704ns (27.058%)  route 1.898ns (72.942%))
  Logic Levels:           2  (LUT4=1 LUT6=1)
  Clock Path Skew:        0.000ns (DCD - SCD + CPR)
    Destination Clock Delay (DCD):    5.023ns = ( 15.023 - 10.000 ) 
    Source Clock Delay      (SCD):    5.322ns
    Clock Pessimism Removal (CPR):    0.299ns
  Clock Uncertainty:      0.035ns  ((TSJ^2 + TIJ^2)^1/2 + DJ) / 2 + PE
    Total System Jitter     (TSJ):    0.071ns
    Total Input Jitter      (TIJ):    0.000ns
    Discrete Jitter          (DJ):    0.000ns
    Phase Error              (PE):    0.000ns

    Location             Delay type                Incr(ns)  Path(ns)    Netlist Resource(s)
  -------------------------------------------------------------------    -------------------
                         (clock clk rise edge)        0.000     0.000 r  
    E3                                                0.000     0.000 r  clk (IN)
                         net (fo=0)                   0.000     0.000    clk
    E3                   IBUF (Prop_ibuf_I_O)         1.482     1.482 r  clk_IBUF_inst/O
                         net (fo=1, routed)           2.025     3.506    clk_IBUF
    BUFGCTRL_X0Y16       BUFG (Prop_bufg_I_O)         0.096     3.602 r  clk_IBUF_BUFG_inst/O
                         net (fo=79, routed)          1.719     5.322    keyboard_ctrl_inst/CLK
    SLICE_X82Y81         FDRE                                         r  keyboard_ctrl_inst/cycle_counter_reg[5]/C
  -------------------------------------------------------------------    -------------------
    SLICE_X82Y81         FDRE (Prop_fdre_C_Q)         0.456     5.778 r  keyboard_ctrl_inst/cycle_counter_reg[5]/Q
                         net (fo=2, routed)           0.867     6.645    keyboard_ctrl_inst/cycle_counter_reg[5]
    SLICE_X83Y80         LUT6 (Prop_lut6_I5_O)        0.124     6.769 r  keyboard_ctrl_inst/num_cycles[1]_i_2/O
                         net (fo=3, routed)           0.415     7.185    keyboard_ctrl_inst/num_cycles[1]_i_2_n_0
    SLICE_X83Y81         LUT4 (Prop_lut4_I1_O)        0.124     7.309 r  keyboard_ctrl_inst/cycle_counter[0]_i_1/O
                         net (fo=8, routed)           0.615     7.923    keyboard_ctrl_inst/cycle_counter[0]_i_1_n_0
    SLICE_X82Y81         FDRE                                         r  keyboard_ctrl_inst/cycle_counter_reg[7]/R
  -------------------------------------------------------------------    -------------------

                         (clock clk rise edge)       10.000    10.000 r  
    E3                                                0.000    10.000 r  clk (IN)
                         net (fo=0)                   0.000    10.000    clk
    E3                   IBUF (Prop_ibuf_I_O)         1.411    11.411 r  clk_IBUF_inst/O
                         net (fo=1, routed)           1.920    13.331    clk_IBUF
    BUFGCTRL_X0Y16       BUFG (Prop_bufg_I_O)         0.091    13.422 r  clk_IBUF_BUFG_inst/O
                         net (fo=79, routed)          1.600    15.023    keyboard_ctrl_inst/CLK
    SLICE_X82Y81         FDRE                                         r  keyboard_ctrl_inst/cycle_counter_reg[7]/C
                         clock pessimism              0.299    15.322    
                         clock uncertainty           -0.035    15.286    
    SLICE_X82Y81         FDRE (Setup_fdre_C_R)       -0.429    14.857    keyboard_ctrl_inst/cycle_counter_reg[7]
  -------------------------------------------------------------------
                         required time                         14.857    
                         arrival time                          -7.923    
  -------------------------------------------------------------------
                         slack                                  6.934    

Slack (MET) :             7.171ns  (required time - arrival time)
  Source:                 keyboard_ctrl_inst/cycle_counter_reg[5]/C
                            (rising edge-triggered cell FDRE clocked by clk  {rise@0.000ns fall@5.000ns period=10.000ns})
  Destination:            keyboard_ctrl_inst/cycle_counter_reg[0]/R
                            (rising edge-triggered cell FDRE clocked by clk  {rise@0.000ns fall@5.000ns period=10.000ns})
  Path Group:             clk
  Path Type:              Setup (Max at Slow Process Corner)
  Requirement:            10.000ns  (clk rise@10.000ns - clk rise@0.000ns)
  Data Path Delay:        2.340ns  (logic 0.704ns (30.092%)  route 1.636ns (69.908%))
  Logic Levels:           2  (LUT4=1 LUT6=1)
  Clock Path Skew:        -0.025ns (DCD - SCD + CPR)
    Destination Clock Delay (DCD):    5.022ns = ( 15.022 - 10.000 ) 
    Source Clock Delay      (SCD):    5.322ns
    Clock Pessimism Removal (CPR):    0.275ns
  Clock Uncertainty:      0.035ns  ((TSJ^2 + TIJ^2)^1/2 + DJ) / 2 + PE
    Total System Jitter     (TSJ):    0.071ns
    Total Input Jitter      (TIJ):    0.000ns
    Discrete Jitter          (DJ):    0.000ns
    Phase Error              (PE):    0.000ns

    Location             Delay type                Incr(ns)  Path(ns)    Netlist Resource(s)
  -------------------------------------------------------------------    -------------------
                         (clock clk rise edge)        0.000     0.000 r  
    E3                                                0.000     0.000 r  clk (IN)
                         net (fo=0)                   0.000     0.000    clk
    E3                   IBUF (Prop_ibuf_I_O)         1.482     1.482 r  clk_IBUF_inst/O
                         net (fo=1, routed)           2.025     3.506    clk_IBUF
    BUFGCTRL_X0Y16       BUFG (Prop_bufg_I_O)         0.096     3.602 r  clk_IBUF_BUFG_inst/O
                         net (fo=79, routed)          1.719     5.322    keyboard_ctrl_inst/CLK
    SLICE_X82Y81         FDRE                                         r  keyboard_ctrl_inst/cycle_counter_reg[5]/C
  -------------------------------------------------------------------    -------------------
    SLICE_X82Y81         FDRE (Prop_fdre_C_Q)         0.456     5.778 r  keyboard_ctrl_inst/cycle_counter_reg[5]/Q
                         net (fo=2, routed)           0.867     6.645    keyboard_ctrl_inst/cycle_counter_reg[5]
    SLICE_X83Y80         LUT6 (Prop_lut6_I5_O)        0.124     6.769 r  keyboard_ctrl_inst/num_cycles[1]_i_2/O
                         net (fo=3, routed)           0.415     7.185    keyboard_ctrl_inst/num_cycles[1]_i_2_n_0
    SLICE_X83Y81         LUT4 (Prop_lut4_I1_O)        0.124     7.309 r  keyboard_ctrl_inst/cycle_counter[0]_i_1/O
                         net (fo=8, routed)           0.353     7.661    keyboard_ctrl_inst/cycle_counter[0]_i_1_n_0
    SLICE_X82Y80         FDRE                                         r  keyboard_ctrl_inst/cycle_counter_reg[0]/R
  -------------------------------------------------------------------    -------------------

                         (clock clk rise edge)       10.000    10.000 r  
    E3                                                0.000    10.000 r  clk (IN)
                         net (fo=0)                   0.000    10.000    clk
    E3                   IBUF (Prop_ibuf_I_O)         1.411    11.411 r  clk_IBUF_inst/O
                         net (fo=1, routed)           1.920    13.331    clk_IBUF
    BUFGCTRL_X0Y16       BUFG (Prop_bufg_I_O)         0.091    13.422 r  clk_IBUF_BUFG_inst/O
                         net (fo=79, routed)          1.599    15.022    keyboard_ctrl_inst/CLK
    SLICE_X82Y80         FDRE                                         r  keyboard_ctrl_inst/cycle_counter_reg[0]/C
                         clock pessimism              0.275    15.297    
                         clock uncertainty           -0.035    15.261    
    SLICE_X82Y80         FDRE (Setup_fdre_C_R)       -0.429    14.832    keyboard_ctrl_inst/cycle_counter_reg[0]
  -------------------------------------------------------------------
                         required time                         14.832    
                         arrival time                          -7.661    
  -------------------------------------------------------------------
                         slack                                  7.171    

Slack (MET) :             7.171ns  (required time - arrival time)
  Source:                 keyboard_ctrl_inst/cycle_counter_reg[5]/C
                            (rising edge-triggered cell FDRE clocked by clk  {rise@0.000ns fall@5.000ns period=10.000ns})
  Destination:            keyboard_ctrl_inst/cycle_counter_reg[1]/R
                            (rising edge-triggered cell FDRE clocked by clk  {rise@0.000ns fall@5.000ns period=10.000ns})
  Path Group:             clk
  Path Type:              Setup (Max at Slow Process Corner)
  Requirement:            10.000ns  (clk rise@10.000ns - clk rise@0.000ns)
  Data Path Delay:        2.340ns  (logic 0.704ns (30.092%)  route 1.636ns (69.908%))
  Logic Levels:           2  (LUT4=1 LUT6=1)
  Clock Path Skew:        -0.025ns (DCD - SCD + CPR)
    Destination Clock Delay (DCD):    5.022ns = ( 15.022 - 10.000 ) 
    Source Clock Delay      (SCD):    5.322ns
    Clock Pessimism Removal (CPR):    0.275ns
  Clock Uncertainty:      0.035ns  ((TSJ^2 + TIJ^2)^1/2 + DJ) / 2 + PE
    Total System Jitter     (TSJ):    0.071ns
    Total Input Jitter      (TIJ):    0.000ns
    Discrete Jitter          (DJ):    0.000ns
    Phase Error              (PE):    0.000ns

    Location             Delay type                Incr(ns)  Path(ns)    Netlist Resource(s)
  -------------------------------------------------------------------    -------------------
                         (clock clk rise edge)        0.000     0.000 r  
    E3                                                0.000     0.000 r  clk (IN)
                         net (fo=0)                   0.000     0.000    clk
    E3                   IBUF (Prop_ibuf_I_O)         1.482     1.482 r  clk_IBUF_inst/O
                         net (fo=1, routed)           2.025     3.506    clk_IBUF
    BUFGCTRL_X0Y16       BUFG (Prop_bufg_I_O)         0.096     3.602 r  clk_IBUF_BUFG_inst/O
                         net (fo=79, routed)          1.719     5.322    keyboard_ctrl_inst/CLK
    SLICE_X82Y81         FDRE                                         r  keyboard_ctrl_inst/cycle_counter_reg[5]/C
  -------------------------------------------------------------------    -------------------
    SLICE_X82Y81         FDRE (Prop_fdre_C_Q)         0.456     5.778 r  keyboard_ctrl_inst/cycle_counter_reg[5]/Q
                         net (fo=2, routed)           0.867     6.645    keyboard_ctrl_inst/cycle_counter_reg[5]
    SLICE_X83Y80         LUT6 (Prop_lut6_I5_O)        0.124     6.769 r  keyboard_ctrl_inst/num_cycles[1]_i_2/O
                         net (fo=3, routed)           0.415     7.185    keyboard_ctrl_inst/num_cycles[1]_i_2_n_0
    SLICE_X83Y81         LUT4 (Prop_lut4_I1_O)        0.124     7.309 r  keyboard_ctrl_inst/cycle_counter[0]_i_1/O
                         net (fo=8, routed)           0.353     7.661    keyboard_ctrl_inst/cycle_counter[0]_i_1_n_0
    SLICE_X82Y80         FDRE                                         r  keyboard_ctrl_inst/cycle_counter_reg[1]/R
  -------------------------------------------------------------------    -------------------

                         (clock clk rise edge)       10.000    10.000 r  
    E3                                                0.000    10.000 r  clk (IN)
                         net (fo=0)                   0.000    10.000    clk
    E3                   IBUF (Prop_ibuf_I_O)         1.411    11.411 r  clk_IBUF_inst/O
                         net (fo=1, routed)           1.920    13.331    clk_IBUF
    BUFGCTRL_X0Y16       BUFG (Prop_bufg_I_O)         0.091    13.422 r  clk_IBUF_BUFG_inst/O
                         net (fo=79, routed)          1.599    15.022    keyboard_ctrl_inst/CLK
    SLICE_X82Y80         FDRE                                         r  keyboard_ctrl_inst/cycle_counter_reg[1]/C
                         clock pessimism              0.275    15.297    
                         clock uncertainty           -0.035    15.261    
    SLICE_X82Y80         FDRE (Setup_fdre_C_R)       -0.429    14.832    keyboard_ctrl_inst/cycle_counter_reg[1]
  -------------------------------------------------------------------
                         required time                         14.832    
                         arrival time                          -7.661    
  -------------------------------------------------------------------
                         slack                                  7.171    

Slack (MET) :             7.171ns  (required time - arrival time)
  Source:                 keyboard_ctrl_inst/cycle_counter_reg[5]/C
                            (rising edge-triggered cell FDRE clocked by clk  {rise@0.000ns fall@5.000ns period=10.000ns})
  Destination:            keyboard_ctrl_inst/cycle_counter_reg[2]/R
                            (rising edge-triggered cell FDRE clocked by clk  {rise@0.000ns fall@5.000ns period=10.000ns})
  Path Group:             clk
  Path Type:              Setup (Max at Slow Process Corner)
  Requirement:            10.000ns  (clk rise@10.000ns - clk rise@0.000ns)
  Data Path Delay:        2.340ns  (logic 0.704ns (30.092%)  route 1.636ns (69.908%))
  Logic Levels:           2  (LUT4=1 LUT6=1)
  Clock Path Skew:        -0.025ns (DCD - SCD + CPR)
    Destination Clock Delay (DCD):    5.022ns = ( 15.022 - 10.000 ) 
    Source Clock Delay      (SCD):    5.322ns
    Clock Pessimism Removal (CPR):    0.275ns
  Clock Uncertainty:      0.035ns  ((TSJ^2 + TIJ^2)^1/2 + DJ) / 2 + PE
    Total System Jitter     (TSJ):    0.071ns
    Total Input Jitter      (TIJ):    0.000ns
    Discrete Jitter          (DJ):    0.000ns
    Phase Error              (PE):    0.000ns

    Location             Delay type                Incr(ns)  Path(ns)    Netlist Resource(s)
  -------------------------------------------------------------------    -------------------
                         (clock clk rise edge)        0.000     0.000 r  
    E3                                                0.000     0.000 r  clk (IN)
                         net (fo=0)                   0.000     0.000    clk
    E3                   IBUF (Prop_ibuf_I_O)         1.482     1.482 r  clk_IBUF_inst/O
                         net (fo=1, routed)           2.025     3.506    clk_IBUF
    BUFGCTRL_X0Y16       BUFG (Prop_bufg_I_O)         0.096     3.602 r  clk_IBUF_BUFG_inst/O
                         net (fo=79, routed)          1.719     5.322    keyboard_ctrl_inst/CLK
    SLICE_X82Y81         FDRE                                         r  keyboard_ctrl_inst/cycle_counter_reg[5]/C
  -------------------------------------------------------------------    -------------------
    SLICE_X82Y81         FDRE (Prop_fdre_C_Q)         0.456     5.778 r  keyboard_ctrl_inst/cycle_counter_reg[5]/Q
                         net (fo=2, routed)           0.867     6.645    keyboard_ctrl_inst/cycle_counter_reg[5]
    SLICE_X83Y80         LUT6 (Prop_lut6_I5_O)        0.124     6.769 r  keyboard_ctrl_inst/num_cycles[1]_i_2/O
                         net (fo=3, routed)           0.415     7.185    keyboard_ctrl_inst/num_cycles[1]_i_2_n_0
    SLICE_X83Y81         LUT4 (Prop_lut4_I1_O)        0.124     7.309 r  keyboard_ctrl_inst/cycle_counter[0]_i_1/O
                         net (fo=8, routed)           0.353     7.661    keyboard_ctrl_inst/cycle_counter[0]_i_1_n_0
    SLICE_X82Y80         FDRE                                         r  keyboard_ctrl_inst/cycle_counter_reg[2]/R
  -------------------------------------------------------------------    -------------------

                         (clock clk rise edge)       10.000    10.000 r  
    E3                                                0.000    10.000 r  clk (IN)
                         net (fo=0)                   0.000    10.000    clk
    E3                   IBUF (Prop_ibuf_I_O)         1.411    11.411 r  clk_IBUF_inst/O
                         net (fo=1, routed)           1.920    13.331    clk_IBUF
    BUFGCTRL_X0Y16       BUFG (Prop_bufg_I_O)         0.091    13.422 r  clk_IBUF_BUFG_inst/O
                         net (fo=79, routed)          1.599    15.022    keyboard_ctrl_inst/CLK
    SLICE_X82Y80         FDRE                                         r  keyboard_ctrl_inst/cycle_counter_reg[2]/C
                         clock pessimism              0.275    15.297    
                         clock uncertainty           -0.035    15.261    
    SLICE_X82Y80         FDRE (Setup_fdre_C_R)       -0.429    14.832    keyboard_ctrl_inst/cycle_counter_reg[2]
  -------------------------------------------------------------------
                         required time                         14.832    
                         arrival time                          -7.661    
  -------------------------------------------------------------------
                         slack                                  7.171    

Slack (MET) :             7.171ns  (required time - arrival time)
  Source:                 keyboard_ctrl_inst/cycle_counter_reg[5]/C
                            (rising edge-triggered cell FDRE clocked by clk  {rise@0.000ns fall@5.000ns period=10.000ns})
  Destination:            keyboard_ctrl_inst/cycle_counter_reg[3]/R
                            (rising edge-triggered cell FDRE clocked by clk  {rise@0.000ns fall@5.000ns period=10.000ns})
  Path Group:             clk
  Path Type:              Setup (Max at Slow Process Corner)
  Requirement:            10.000ns  (clk rise@10.000ns - clk rise@0.000ns)
  Data Path Delay:        2.340ns  (logic 0.704ns (30.092%)  route 1.636ns (69.908%))
  Logic Levels:           2  (LUT4=1 LUT6=1)
  Clock Path Skew:        -0.025ns (DCD - SCD + CPR)
    Destination Clock Delay (DCD):    5.022ns = ( 15.022 - 10.000 ) 
    Source Clock Delay      (SCD):    5.322ns
    Clock Pessimism Removal (CPR):    0.275ns
  Clock Uncertainty:      0.035ns  ((TSJ^2 + TIJ^2)^1/2 + DJ) / 2 + PE
    Total System Jitter     (TSJ):    0.071ns
    Total Input Jitter      (TIJ):    0.000ns
    Discrete Jitter          (DJ):    0.000ns
    Phase Error              (PE):    0.000ns

    Location             Delay type                Incr(ns)  Path(ns)    Netlist Resource(s)
  -------------------------------------------------------------------    -------------------
                         (clock clk rise edge)        0.000     0.000 r  
    E3                                                0.000     0.000 r  clk (IN)
                         net (fo=0)                   0.000     0.000    clk
    E3                   IBUF (Prop_ibuf_I_O)         1.482     1.482 r  clk_IBUF_inst/O
                         net (fo=1, routed)           2.025     3.506    clk_IBUF
    BUFGCTRL_X0Y16       BUFG (Prop_bufg_I_O)         0.096     3.602 r  clk_IBUF_BUFG_inst/O
                         net (fo=79, routed)          1.719     5.322    keyboard_ctrl_inst/CLK
    SLICE_X82Y81         FDRE                                         r  keyboard_ctrl_inst/cycle_counter_reg[5]/C
  -------------------------------------------------------------------    -------------------
    SLICE_X82Y81         FDRE (Prop_fdre_C_Q)         0.456     5.778 r  keyboard_ctrl_inst/cycle_counter_reg[5]/Q
                         net (fo=2, routed)           0.867     6.645    keyboard_ctrl_inst/cycle_counter_reg[5]
    SLICE_X83Y80         LUT6 (Prop_lut6_I5_O)        0.124     6.769 r  keyboard_ctrl_inst/num_cycles[1]_i_2/O
                         net (fo=3, routed)           0.415     7.185    keyboard_ctrl_inst/num_cycles[1]_i_2_n_0
    SLICE_X83Y81         LUT4 (Prop_lut4_I1_O)        0.124     7.309 r  keyboard_ctrl_inst/cycle_counter[0]_i_1/O
                         net (fo=8, routed)           0.353     7.661    keyboard_ctrl_inst/cycle_counter[0]_i_1_n_0
    SLICE_X82Y80         FDRE                                         r  keyboard_ctrl_inst/cycle_counter_reg[3]/R
  -------------------------------------------------------------------    -------------------

                         (clock clk rise edge)       10.000    10.000 r  
    E3                                                0.000    10.000 r  clk (IN)
                         net (fo=0)                   0.000    10.000    clk
    E3                   IBUF (Prop_ibuf_I_O)         1.411    11.411 r  clk_IBUF_inst/O
                         net (fo=1, routed)           1.920    13.331    clk_IBUF
    BUFGCTRL_X0Y16       BUFG (Prop_bufg_I_O)         0.091    13.422 r  clk_IBUF_BUFG_inst/O
                         net (fo=79, routed)          1.599    15.022    keyboard_ctrl_inst/CLK
    SLICE_X82Y80         FDRE                                         r  keyboard_ctrl_inst/cycle_counter_reg[3]/C
                         clock pessimism              0.275    15.297    
                         clock uncertainty           -0.035    15.261    
    SLICE_X82Y80         FDRE (Setup_fdre_C_R)       -0.429    14.832    keyboard_ctrl_inst/cycle_counter_reg[3]
  -------------------------------------------------------------------
                         required time                         14.832    
                         arrival time                          -7.661    
  -------------------------------------------------------------------
                         slack                                  7.171    

Slack (MET) :             7.280ns  (required time - arrival time)
  Source:                 sync_keyboard_inst/kb_clk_sync_reg/C
                            (rising edge-triggered cell FDRE clocked by clk  {rise@0.000ns fall@5.000ns period=10.000ns})
  Destination:            convert_scancode_inst/scan_code_reg_reg[0]_lopt_replica/CE
                            (rising edge-triggered cell FDRE clocked by clk  {rise@0.000ns fall@5.000ns period=10.000ns})
  Path Group:             clk
  Path Type:              Setup (Max at Slow Process Corner)
  Requirement:            10.000ns  (clk rise@10.000ns - clk rise@0.000ns)
  Data Path Delay:        2.448ns  (logic 0.642ns (26.227%)  route 1.806ns (73.773%))
  Logic Levels:           1  (LUT6=1)
  Clock Path Skew:        -0.032ns (DCD - SCD + CPR)
    Destination Clock Delay (DCD):    5.024ns = ( 15.024 - 10.000 ) 
    Source Clock Delay      (SCD):    5.331ns
    Clock Pessimism Removal (CPR):    0.275ns
  Clock Uncertainty:      0.035ns  ((TSJ^2 + TIJ^2)^1/2 + DJ) / 2 + PE
    Total System Jitter     (TSJ):    0.071ns
    Total Input Jitter      (TIJ):    0.000ns
    Discrete Jitter          (DJ):    0.000ns
    Phase Error              (PE):    0.000ns

    Location             Delay type                Incr(ns)  Path(ns)    Netlist Resource(s)
  -------------------------------------------------------------------    -------------------
                         (clock clk rise edge)        0.000     0.000 r  
    E3                                                0.000     0.000 r  clk (IN)
                         net (fo=0)                   0.000     0.000    clk
    E3                   IBUF (Prop_ibuf_I_O)         1.482     1.482 r  clk_IBUF_inst/O
                         net (fo=1, routed)           2.025     3.506    clk_IBUF
    BUFGCTRL_X0Y16       BUFG (Prop_bufg_I_O)         0.096     3.602 r  clk_IBUF_BUFG_inst/O
                         net (fo=79, routed)          1.728     5.331    sync_keyboard_inst/CLK
    SLICE_X88Y87         FDRE                                         r  sync_keyboard_inst/kb_clk_sync_reg/C
  -------------------------------------------------------------------    -------------------
    SLICE_X88Y87         FDRE (Prop_fdre_C_Q)         0.518     5.849 f  sync_keyboard_inst/kb_clk_sync_reg/Q
                         net (fo=3, routed)           1.019     6.867    convert_scancode_inst/kb_clk_sync
    SLICE_X88Y82         LUT6 (Prop_lut6_I0_O)        0.124     6.991 r  convert_scancode_inst/scan_code_reg[7]_i_1/O
                         net (fo=16, routed)          0.787     7.779    convert_scancode_inst/scan_code_reg[7]_i_1_n_0
    SLICE_X86Y79         FDRE                                         r  convert_scancode_inst/scan_code_reg_reg[0]_lopt_replica/CE
  -------------------------------------------------------------------    -------------------

                         (clock clk rise edge)       10.000    10.000 r  
    E3                                                0.000    10.000 r  clk (IN)
                         net (fo=0)                   0.000    10.000    clk
    E3                   IBUF (Prop_ibuf_I_O)         1.411    11.411 r  clk_IBUF_inst/O
                         net (fo=1, routed)           1.920    13.331    clk_IBUF
    BUFGCTRL_X0Y16       BUFG (Prop_bufg_I_O)         0.091    13.422 r  clk_IBUF_BUFG_inst/O
                         net (fo=79, routed)          1.601    15.024    convert_scancode_inst/CLK
    SLICE_X86Y79         FDRE                                         r  convert_scancode_inst/scan_code_reg_reg[0]_lopt_replica/C
                         clock pessimism              0.275    15.299    
                         clock uncertainty           -0.035    15.263    
    SLICE_X86Y79         FDRE (Setup_fdre_C_CE)      -0.205    15.058    convert_scancode_inst/scan_code_reg_reg[0]_lopt_replica
  -------------------------------------------------------------------
                         required time                         15.058    
                         arrival time                          -7.779    
  -------------------------------------------------------------------
                         slack                                  7.280    

Slack (MET) :             7.280ns  (required time - arrival time)
  Source:                 sync_keyboard_inst/kb_clk_sync_reg/C
                            (rising edge-triggered cell FDRE clocked by clk  {rise@0.000ns fall@5.000ns period=10.000ns})
  Destination:            convert_scancode_inst/scan_code_reg_reg[3]_lopt_replica/CE
                            (rising edge-triggered cell FDRE clocked by clk  {rise@0.000ns fall@5.000ns period=10.000ns})
  Path Group:             clk
  Path Type:              Setup (Max at Slow Process Corner)
  Requirement:            10.000ns  (clk rise@10.000ns - clk rise@0.000ns)
  Data Path Delay:        2.448ns  (logic 0.642ns (26.227%)  route 1.806ns (73.773%))
  Logic Levels:           1  (LUT6=1)
  Clock Path Skew:        -0.032ns (DCD - SCD + CPR)
    Destination Clock Delay (DCD):    5.024ns = ( 15.024 - 10.000 ) 
    Source Clock Delay      (SCD):    5.331ns
    Clock Pessimism Removal (CPR):    0.275ns
  Clock Uncertainty:      0.035ns  ((TSJ^2 + TIJ^2)^1/2 + DJ) / 2 + PE
    Total System Jitter     (TSJ):    0.071ns
    Total Input Jitter      (TIJ):    0.000ns
    Discrete Jitter          (DJ):    0.000ns
    Phase Error              (PE):    0.000ns

    Location             Delay type                Incr(ns)  Path(ns)    Netlist Resource(s)
  -------------------------------------------------------------------    -------------------
                         (clock clk rise edge)        0.000     0.000 r  
    E3                                                0.000     0.000 r  clk (IN)
                         net (fo=0)                   0.000     0.000    clk
    E3                   IBUF (Prop_ibuf_I_O)         1.482     1.482 r  clk_IBUF_inst/O
                         net (fo=1, routed)           2.025     3.506    clk_IBUF
    BUFGCTRL_X0Y16       BUFG (Prop_bufg_I_O)         0.096     3.602 r  clk_IBUF_BUFG_inst/O
                         net (fo=79, routed)          1.728     5.331    sync_keyboard_inst/CLK
    SLICE_X88Y87         FDRE                                         r  sync_keyboard_inst/kb_clk_sync_reg/C
  -------------------------------------------------------------------    -------------------
    SLICE_X88Y87         FDRE (Prop_fdre_C_Q)         0.518     5.849 f  sync_keyboard_inst/kb_clk_sync_reg/Q
                         net (fo=3, routed)           1.019     6.867    convert_scancode_inst/kb_clk_sync
    SLICE_X88Y82         LUT6 (Prop_lut6_I0_O)        0.124     6.991 r  convert_scancode_inst/scan_code_reg[7]_i_1/O
                         net (fo=16, routed)          0.787     7.779    convert_scancode_inst/scan_code_reg[7]_i_1_n_0
    SLICE_X86Y79         FDRE                                         r  convert_scancode_inst/scan_code_reg_reg[3]_lopt_replica/CE
  -------------------------------------------------------------------    -------------------

                         (clock clk rise edge)       10.000    10.000 r  
    E3                                                0.000    10.000 r  clk (IN)
                         net (fo=0)                   0.000    10.000    clk
    E3                   IBUF (Prop_ibuf_I_O)         1.411    11.411 r  clk_IBUF_inst/O
                         net (fo=1, routed)           1.920    13.331    clk_IBUF
    BUFGCTRL_X0Y16       BUFG (Prop_bufg_I_O)         0.091    13.422 r  clk_IBUF_BUFG_inst/O
                         net (fo=79, routed)          1.601    15.024    convert_scancode_inst/CLK
    SLICE_X86Y79         FDRE                                         r  convert_scancode_inst/scan_code_reg_reg[3]_lopt_replica/C
                         clock pessimism              0.275    15.299    
                         clock uncertainty           -0.035    15.263    
    SLICE_X86Y79         FDRE (Setup_fdre_C_CE)      -0.205    15.058    convert_scancode_inst/scan_code_reg_reg[3]_lopt_replica
  -------------------------------------------------------------------
                         required time                         15.058    
                         arrival time                          -7.779    
  -------------------------------------------------------------------
                         slack                                  7.280    





Min Delay Paths
--------------------------------------------------------------------------------------
Slack (MET) :             0.172ns  (arrival time - required time)
  Source:                 convert_scancode_inst/scan_code_reg_reg[0]/C
                            (rising edge-triggered cell FDRE clocked by clk  {rise@0.000ns fall@5.000ns period=10.000ns})
  Destination:            keyboard_ctrl_inst/digits_reg[0][0]/D
                            (rising edge-triggered cell FDRE clocked by clk  {rise@0.000ns fall@5.000ns period=10.000ns})
  Path Group:             clk
  Path Type:              Hold (Min at Fast Process Corner)
  Requirement:            0.000ns  (clk rise@0.000ns - clk rise@0.000ns)
  Data Path Delay:        0.257ns  (logic 0.141ns (54.953%)  route 0.116ns (45.047%))
  Logic Levels:           0  
  Clock Path Skew:        0.015ns (DCD - SCD - CPR)
    Destination Clock Delay (DCD):    2.036ns
    Source Clock Delay      (SCD):    1.519ns
    Clock Pessimism Removal (CPR):    0.501ns

    Location             Delay type                Incr(ns)  Path(ns)    Netlist Resource(s)
  -------------------------------------------------------------------    -------------------
                         (clock clk rise edge)        0.000     0.000 r  
    E3                                                0.000     0.000 r  clk (IN)
                         net (fo=0)                   0.000     0.000    clk
    E3                   IBUF (Prop_ibuf_I_O)         0.250     0.250 r  clk_IBUF_inst/O
                         net (fo=1, routed)           0.644     0.894    clk_IBUF
    BUFGCTRL_X0Y16       BUFG (Prop_bufg_I_O)         0.026     0.920 r  clk_IBUF_BUFG_inst/O
                         net (fo=79, routed)          0.600     1.519    convert_scancode_inst/CLK
    SLICE_X86Y81         FDRE                                         r  convert_scancode_inst/scan_code_reg_reg[0]/C
  -------------------------------------------------------------------    -------------------
    SLICE_X86Y81         FDRE (Prop_fdre_C_Q)         0.141     1.660 r  convert_scancode_inst/scan_code_reg_reg[0]/Q
                         net (fo=1, routed)           0.116     1.776    keyboard_ctrl_inst/D[0]
    SLICE_X87Y82         FDRE                                         r  keyboard_ctrl_inst/digits_reg[0][0]/D
  -------------------------------------------------------------------    -------------------

                         (clock clk rise edge)        0.000     0.000 r  
    E3                                                0.000     0.000 r  clk (IN)
                         net (fo=0)                   0.000     0.000    clk
    E3                   IBUF (Prop_ibuf_I_O)         0.438     0.438 r  clk_IBUF_inst/O
                         net (fo=1, routed)           0.699     1.136    clk_IBUF
    BUFGCTRL_X0Y16       BUFG (Prop_bufg_I_O)         0.029     1.165 r  clk_IBUF_BUFG_inst/O
                         net (fo=79, routed)          0.871     2.036    keyboard_ctrl_inst/CLK
    SLICE_X87Y82         FDRE                                         r  keyboard_ctrl_inst/digits_reg[0][0]/C
                         clock pessimism             -0.501     1.534    
    SLICE_X87Y82         FDRE (Hold_fdre_C_D)         0.070     1.604    keyboard_ctrl_inst/digits_reg[0][0]
  -------------------------------------------------------------------
                         required time                         -1.604    
                         arrival time                           1.776    
  -------------------------------------------------------------------
                         slack                                  0.172    

Slack (MET) :             0.176ns  (arrival time - required time)
  Source:                 convert_scancode_inst/bit_count_reg[0]/C
                            (rising edge-triggered cell FDRE clocked by clk  {rise@0.000ns fall@5.000ns period=10.000ns})
  Destination:            convert_scancode_inst/valid_code_reg_reg/D
                            (rising edge-triggered cell FDRE clocked by clk  {rise@0.000ns fall@5.000ns period=10.000ns})
  Path Group:             clk
  Path Type:              Hold (Min at Fast Process Corner)
  Requirement:            0.000ns  (clk rise@0.000ns - clk rise@0.000ns)
  Data Path Delay:        0.309ns  (logic 0.186ns (60.223%)  route 0.123ns (39.777%))
  Logic Levels:           1  (LUT6=1)
  Clock Path Skew:        0.013ns (DCD - SCD - CPR)
    Destination Clock Delay (DCD):    2.036ns
    Source Clock Delay      (SCD):    1.520ns
    Clock Pessimism Removal (CPR):    0.502ns

    Location             Delay type                Incr(ns)  Path(ns)    Netlist Resource(s)
  -------------------------------------------------------------------    -------------------
                         (clock clk rise edge)        0.000     0.000 r  
    E3                                                0.000     0.000 r  clk (IN)
                         net (fo=0)                   0.000     0.000    clk
    E3                   IBUF (Prop_ibuf_I_O)         0.250     0.250 r  clk_IBUF_inst/O
                         net (fo=1, routed)           0.644     0.894    clk_IBUF
    BUFGCTRL_X0Y16       BUFG (Prop_bufg_I_O)         0.026     0.920 r  clk_IBUF_BUFG_inst/O
                         net (fo=79, routed)          0.601     1.520    convert_scancode_inst/CLK
    SLICE_X89Y82         FDRE                                         r  convert_scancode_inst/bit_count_reg[0]/C
  -------------------------------------------------------------------    -------------------
    SLICE_X89Y82         FDRE (Prop_fdre_C_Q)         0.141     1.661 f  convert_scancode_inst/bit_count_reg[0]/Q
                         net (fo=6, routed)           0.123     1.784    convert_scancode_inst/bit_count[0]
    SLICE_X88Y82         LUT6 (Prop_lut6_I1_O)        0.045     1.829 r  convert_scancode_inst/valid_code_reg_i_1/O
                         net (fo=1, routed)           0.000     1.829    convert_scancode_inst/valid_code_reg_i_1_n_0
    SLICE_X88Y82         FDRE                                         r  convert_scancode_inst/valid_code_reg_reg/D
  -------------------------------------------------------------------    -------------------

                         (clock clk rise edge)        0.000     0.000 r  
    E3                                                0.000     0.000 r  clk (IN)
                         net (fo=0)                   0.000     0.000    clk
    E3                   IBUF (Prop_ibuf_I_O)         0.438     0.438 r  clk_IBUF_inst/O
                         net (fo=1, routed)           0.699     1.136    clk_IBUF
    BUFGCTRL_X0Y16       BUFG (Prop_bufg_I_O)         0.029     1.165 r  clk_IBUF_BUFG_inst/O
                         net (fo=79, routed)          0.871     2.036    convert_scancode_inst/CLK
    SLICE_X88Y82         FDRE                                         r  convert_scancode_inst/valid_code_reg_reg/C
                         clock pessimism             -0.502     1.533    
    SLICE_X88Y82         FDRE (Hold_fdre_C_D)         0.120     1.653    convert_scancode_inst/valid_code_reg_reg
  -------------------------------------------------------------------
                         required time                         -1.653    
                         arrival time                           1.829    
  -------------------------------------------------------------------
                         slack                                  0.176    

Slack (MET) :             0.178ns  (arrival time - required time)
  Source:                 keyboard_ctrl_inst/digits_reg[0][3]/C
                            (rising edge-triggered cell FDRE clocked by clk  {rise@0.000ns fall@5.000ns period=10.000ns})
  Destination:            keyboard_ctrl_inst/digits_reg[1][3]/D
                            (rising edge-triggered cell FDRE clocked by clk  {rise@0.000ns fall@5.000ns period=10.000ns})
  Path Group:             clk
  Path Type:              Hold (Min at Fast Process Corner)
  Requirement:            0.000ns  (clk rise@0.000ns - clk rise@0.000ns)
  Data Path Delay:        0.263ns  (logic 0.141ns (53.584%)  route 0.122ns (46.416%))
  Logic Levels:           0  
  Clock Path Skew:        0.015ns (DCD - SCD - CPR)
    Destination Clock Delay (DCD):    2.035ns
    Source Clock Delay      (SCD):    1.518ns
    Clock Pessimism Removal (CPR):    0.501ns

    Location             Delay type                Incr(ns)  Path(ns)    Netlist Resource(s)
  -------------------------------------------------------------------    -------------------
                         (clock clk rise edge)        0.000     0.000 r  
    E3                                                0.000     0.000 r  clk (IN)
                         net (fo=0)                   0.000     0.000    clk
    E3                   IBUF (Prop_ibuf_I_O)         0.250     0.250 r  clk_IBUF_inst/O
                         net (fo=1, routed)           0.644     0.894    clk_IBUF
    BUFGCTRL_X0Y16       BUFG (Prop_bufg_I_O)         0.026     0.920 r  clk_IBUF_BUFG_inst/O
                         net (fo=79, routed)          0.599     1.518    keyboard_ctrl_inst/CLK
    SLICE_X85Y81         FDRE                                         r  keyboard_ctrl_inst/digits_reg[0][3]/C
  -------------------------------------------------------------------    -------------------
    SLICE_X85Y81         FDRE (Prop_fdre_C_Q)         0.141     1.659 r  keyboard_ctrl_inst/digits_reg[0][3]/Q
                         net (fo=2, routed)           0.122     1.781    keyboard_ctrl_inst/digits_reg[0][3]
    SLICE_X85Y82         FDRE                                         r  keyboard_ctrl_inst/digits_reg[1][3]/D
  -------------------------------------------------------------------    -------------------

                         (clock clk rise edge)        0.000     0.000 r  
    E3                                                0.000     0.000 r  clk (IN)
                         net (fo=0)                   0.000     0.000    clk
    E3                   IBUF (Prop_ibuf_I_O)         0.438     0.438 r  clk_IBUF_inst/O
                         net (fo=1, routed)           0.699     1.136    clk_IBUF
    BUFGCTRL_X0Y16       BUFG (Prop_bufg_I_O)         0.029     1.165 r  clk_IBUF_BUFG_inst/O
                         net (fo=79, routed)          0.870     2.035    keyboard_ctrl_inst/CLK
    SLICE_X85Y82         FDRE                                         r  keyboard_ctrl_inst/digits_reg[1][3]/C
                         clock pessimism             -0.501     1.533    
    SLICE_X85Y82         FDRE (Hold_fdre_C_D)         0.070     1.603    keyboard_ctrl_inst/digits_reg[1][3]
  -------------------------------------------------------------------
                         required time                         -1.603    
                         arrival time                           1.781    
  -------------------------------------------------------------------
                         slack                                  0.178    

Slack (MET) :             0.180ns  (arrival time - required time)
  Source:                 keyboard_ctrl_inst/digits_reg[0][2]/C
                            (rising edge-triggered cell FDRE clocked by clk  {rise@0.000ns fall@5.000ns period=10.000ns})
  Destination:            keyboard_ctrl_inst/digits_reg[1][2]/D
                            (rising edge-triggered cell FDRE clocked by clk  {rise@0.000ns fall@5.000ns period=10.000ns})
  Path Group:             clk
  Path Type:              Hold (Min at Fast Process Corner)
  Requirement:            0.000ns  (clk rise@0.000ns - clk rise@0.000ns)
  Data Path Delay:        0.266ns  (logic 0.141ns (52.916%)  route 0.125ns (47.084%))
  Logic Levels:           0  
  Clock Path Skew:        0.016ns (DCD - SCD - CPR)
    Destination Clock Delay (DCD):    2.036ns
    Source Clock Delay      (SCD):    1.518ns
    Clock Pessimism Removal (CPR):    0.501ns

    Location             Delay type                Incr(ns)  Path(ns)    Netlist Resource(s)
  -------------------------------------------------------------------    -------------------
                         (clock clk rise edge)        0.000     0.000 r  
    E3                                                0.000     0.000 r  clk (IN)
                         net (fo=0)                   0.000     0.000    clk
    E3                   IBUF (Prop_ibuf_I_O)         0.250     0.250 r  clk_IBUF_inst/O
                         net (fo=1, routed)           0.644     0.894    clk_IBUF
    BUFGCTRL_X0Y16       BUFG (Prop_bufg_I_O)         0.026     0.920 r  clk_IBUF_BUFG_inst/O
                         net (fo=79, routed)          0.599     1.518    keyboard_ctrl_inst/CLK
    SLICE_X85Y81         FDRE                                         r  keyboard_ctrl_inst/digits_reg[0][2]/C
  -------------------------------------------------------------------    -------------------
    SLICE_X85Y81         FDRE (Prop_fdre_C_Q)         0.141     1.659 r  keyboard_ctrl_inst/digits_reg[0][2]/Q
                         net (fo=2, routed)           0.125     1.785    keyboard_ctrl_inst/digits_reg[0][2]
    SLICE_X85Y83         FDRE                                         r  keyboard_ctrl_inst/digits_reg[1][2]/D
  -------------------------------------------------------------------    -------------------

                         (clock clk rise edge)        0.000     0.000 r  
    E3                                                0.000     0.000 r  clk (IN)
                         net (fo=0)                   0.000     0.000    clk
    E3                   IBUF (Prop_ibuf_I_O)         0.438     0.438 r  clk_IBUF_inst/O
                         net (fo=1, routed)           0.699     1.136    clk_IBUF
    BUFGCTRL_X0Y16       BUFG (Prop_bufg_I_O)         0.029     1.165 r  clk_IBUF_BUFG_inst/O
                         net (fo=79, routed)          0.871     2.036    keyboard_ctrl_inst/CLK
    SLICE_X85Y83         FDRE                                         r  keyboard_ctrl_inst/digits_reg[1][2]/C
                         clock pessimism             -0.501     1.534    
    SLICE_X85Y83         FDRE (Hold_fdre_C_D)         0.070     1.604    keyboard_ctrl_inst/digits_reg[1][2]
  -------------------------------------------------------------------
                         required time                         -1.604    
                         arrival time                           1.785    
  -------------------------------------------------------------------
                         slack                                  0.180    

Slack (MET) :             0.184ns  (arrival time - required time)
  Source:                 keyboard_ctrl_inst/digits_reg[0][4]/C
                            (rising edge-triggered cell FDRE clocked by clk  {rise@0.000ns fall@5.000ns period=10.000ns})
  Destination:            keyboard_ctrl_inst/digits_reg[1][4]/D
                            (rising edge-triggered cell FDRE clocked by clk  {rise@0.000ns fall@5.000ns period=10.000ns})
  Path Group:             clk
  Path Type:              Hold (Min at Fast Process Corner)
  Requirement:            0.000ns  (clk rise@0.000ns - clk rise@0.000ns)
  Data Path Delay:        0.266ns  (logic 0.141ns (52.916%)  route 0.125ns (47.084%))
  Logic Levels:           0  
  Clock Path Skew:        0.016ns (DCD - SCD - CPR)
    Destination Clock Delay (DCD):    2.036ns
    Source Clock Delay      (SCD):    1.518ns
    Clock Pessimism Removal (CPR):    0.501ns

    Location             Delay type                Incr(ns)  Path(ns)    Netlist Resource(s)
  -------------------------------------------------------------------    -------------------
                         (clock clk rise edge)        0.000     0.000 r  
    E3                                                0.000     0.000 r  clk (IN)
                         net (fo=0)                   0.000     0.000    clk
    E3                   IBUF (Prop_ibuf_I_O)         0.250     0.250 r  clk_IBUF_inst/O
                         net (fo=1, routed)           0.644     0.894    clk_IBUF
    BUFGCTRL_X0Y16       BUFG (Prop_bufg_I_O)         0.026     0.920 r  clk_IBUF_BUFG_inst/O
                         net (fo=79, routed)          0.599     1.518    keyboard_ctrl_inst/CLK
    SLICE_X85Y81         FDRE                                         r  keyboard_ctrl_inst/digits_reg[0][4]/C
  -------------------------------------------------------------------    -------------------
    SLICE_X85Y81         FDRE (Prop_fdre_C_Q)         0.141     1.659 r  keyboard_ctrl_inst/digits_reg[0][4]/Q
                         net (fo=2, routed)           0.125     1.785    keyboard_ctrl_inst/digits_reg[0][4]
    SLICE_X85Y83         FDRE                                         r  keyboard_ctrl_inst/digits_reg[1][4]/D
  -------------------------------------------------------------------    -------------------

                         (clock clk rise edge)        0.000     0.000 r  
    E3                                                0.000     0.000 r  clk (IN)
                         net (fo=0)                   0.000     0.000    clk
    E3                   IBUF (Prop_ibuf_I_O)         0.438     0.438 r  clk_IBUF_inst/O
                         net (fo=1, routed)           0.699     1.136    clk_IBUF
    BUFGCTRL_X0Y16       BUFG (Prop_bufg_I_O)         0.029     1.165 r  clk_IBUF_BUFG_inst/O
                         net (fo=79, routed)          0.871     2.036    keyboard_ctrl_inst/CLK
    SLICE_X85Y83         FDRE                                         r  keyboard_ctrl_inst/digits_reg[1][4]/C
                         clock pessimism             -0.501     1.534    
    SLICE_X85Y83         FDRE (Hold_fdre_C_D)         0.066     1.600    keyboard_ctrl_inst/digits_reg[1][4]
  -------------------------------------------------------------------
                         required time                         -1.600    
                         arrival time                           1.785    
  -------------------------------------------------------------------
                         slack                                  0.184    

Slack (MET) :             0.186ns  (arrival time - required time)
  Source:                 convert_scancode_inst/shift_reg_reg[1]/C
                            (rising edge-triggered cell FDRE clocked by clk  {rise@0.000ns fall@5.000ns period=10.000ns})
  Destination:            convert_scancode_inst/scan_code_reg_reg[0]_lopt_replica/D
                            (rising edge-triggered cell FDRE clocked by clk  {rise@0.000ns fall@5.000ns period=10.000ns})
  Path Group:             clk
  Path Type:              Hold (Min at Fast Process Corner)
  Requirement:            0.000ns  (clk rise@0.000ns - clk rise@0.000ns)
  Data Path Delay:        0.269ns  (logic 0.141ns (52.417%)  route 0.128ns (47.583%))
  Logic Levels:           0  
  Clock Path Skew:        0.013ns (DCD - SCD - CPR)
    Destination Clock Delay (DCD):    2.033ns
    Source Clock Delay      (SCD):    1.518ns
    Clock Pessimism Removal (CPR):    0.501ns

    Location             Delay type                Incr(ns)  Path(ns)    Netlist Resource(s)
  -------------------------------------------------------------------    -------------------
                         (clock clk rise edge)        0.000     0.000 r  
    E3                                                0.000     0.000 r  clk (IN)
                         net (fo=0)                   0.000     0.000    clk
    E3                   IBUF (Prop_ibuf_I_O)         0.250     0.250 r  clk_IBUF_inst/O
                         net (fo=1, routed)           0.644     0.894    clk_IBUF
    BUFGCTRL_X0Y16       BUFG (Prop_bufg_I_O)         0.026     0.920 r  clk_IBUF_BUFG_inst/O
                         net (fo=79, routed)          0.599     1.518    convert_scancode_inst/CLK
    SLICE_X87Y80         FDRE                                         r  convert_scancode_inst/shift_reg_reg[1]/C
  -------------------------------------------------------------------    -------------------
    SLICE_X87Y80         FDRE (Prop_fdre_C_Q)         0.141     1.659 r  convert_scancode_inst/shift_reg_reg[1]/Q
                         net (fo=2, routed)           0.128     1.787    convert_scancode_inst/p_0_in[0]
    SLICE_X86Y79         FDRE                                         r  convert_scancode_inst/scan_code_reg_reg[0]_lopt_replica/D
  -------------------------------------------------------------------    -------------------

                         (clock clk rise edge)        0.000     0.000 r  
    E3                                                0.000     0.000 r  clk (IN)
                         net (fo=0)                   0.000     0.000    clk
    E3                   IBUF (Prop_ibuf_I_O)         0.438     0.438 r  clk_IBUF_inst/O
                         net (fo=1, routed)           0.699     1.136    clk_IBUF
    BUFGCTRL_X0Y16       BUFG (Prop_bufg_I_O)         0.029     1.165 r  clk_IBUF_BUFG_inst/O
                         net (fo=79, routed)          0.868     2.033    convert_scancode_inst/CLK
    SLICE_X86Y79         FDRE                                         r  convert_scancode_inst/scan_code_reg_reg[0]_lopt_replica/C
                         clock pessimism             -0.501     1.531    
    SLICE_X86Y79         FDRE (Hold_fdre_C_D)         0.070     1.601    convert_scancode_inst/scan_code_reg_reg[0]_lopt_replica
  -------------------------------------------------------------------
                         required time                         -1.601    
                         arrival time                           1.787    
  -------------------------------------------------------------------
                         slack                                  0.186    

Slack (MET) :             0.187ns  (arrival time - required time)
  Source:                 convert_scancode_inst/scan_code_reg_reg[6]/C
                            (rising edge-triggered cell FDRE clocked by clk  {rise@0.000ns fall@5.000ns period=10.000ns})
  Destination:            keyboard_ctrl_inst/digits_reg[0][6]/D
                            (rising edge-triggered cell FDRE clocked by clk  {rise@0.000ns fall@5.000ns period=10.000ns})
  Path Group:             clk
  Path Type:              Hold (Min at Fast Process Corner)
  Requirement:            0.000ns  (clk rise@0.000ns - clk rise@0.000ns)
  Data Path Delay:        0.271ns  (logic 0.164ns (60.547%)  route 0.107ns (39.453%))
  Logic Levels:           0  
  Clock Path Skew:        0.014ns (DCD - SCD - CPR)
    Destination Clock Delay (DCD):    2.037ns
    Source Clock Delay      (SCD):    1.521ns
    Clock Pessimism Removal (CPR):    0.501ns

    Location             Delay type                Incr(ns)  Path(ns)    Netlist Resource(s)
  -------------------------------------------------------------------    -------------------
                         (clock clk rise edge)        0.000     0.000 r  
    E3                                                0.000     0.000 r  clk (IN)
                         net (fo=0)                   0.000     0.000    clk
    E3                   IBUF (Prop_ibuf_I_O)         0.250     0.250 r  clk_IBUF_inst/O
                         net (fo=1, routed)           0.644     0.894    clk_IBUF
    BUFGCTRL_X0Y16       BUFG (Prop_bufg_I_O)         0.026     0.920 r  clk_IBUF_BUFG_inst/O
                         net (fo=79, routed)          0.602     1.521    convert_scancode_inst/CLK
    SLICE_X88Y83         FDRE                                         r  convert_scancode_inst/scan_code_reg_reg[6]/C
  -------------------------------------------------------------------    -------------------
    SLICE_X88Y83         FDRE (Prop_fdre_C_Q)         0.164     1.685 r  convert_scancode_inst/scan_code_reg_reg[6]/Q
                         net (fo=1, routed)           0.107     1.792    keyboard_ctrl_inst/D[6]
    SLICE_X86Y83         FDRE                                         r  keyboard_ctrl_inst/digits_reg[0][6]/D
  -------------------------------------------------------------------    -------------------

                         (clock clk rise edge)        0.000     0.000 r  
    E3                                                0.000     0.000 r  clk (IN)
                         net (fo=0)                   0.000     0.000    clk
    E3                   IBUF (Prop_ibuf_I_O)         0.438     0.438 r  clk_IBUF_inst/O
                         net (fo=1, routed)           0.699     1.136    clk_IBUF
    BUFGCTRL_X0Y16       BUFG (Prop_bufg_I_O)         0.029     1.165 r  clk_IBUF_BUFG_inst/O
                         net (fo=79, routed)          0.872     2.037    keyboard_ctrl_inst/CLK
    SLICE_X86Y83         FDRE                                         r  keyboard_ctrl_inst/digits_reg[0][6]/C
                         clock pessimism             -0.501     1.535    
    SLICE_X86Y83         FDRE (Hold_fdre_C_D)         0.070     1.605    keyboard_ctrl_inst/digits_reg[0][6]
  -------------------------------------------------------------------
                         required time                         -1.605    
                         arrival time                           1.792    
  -------------------------------------------------------------------
                         slack                                  0.187    

Slack (MET) :             0.192ns  (arrival time - required time)
  Source:                 convert_scancode_inst/shift_reg_reg[6]/C
                            (rising edge-triggered cell FDRE clocked by clk  {rise@0.000ns fall@5.000ns period=10.000ns})
  Destination:            convert_scancode_inst/scan_code_reg_reg[5]/D
                            (rising edge-triggered cell FDRE clocked by clk  {rise@0.000ns fall@5.000ns period=10.000ns})
  Path Group:             clk
  Path Type:              Hold (Min at Fast Process Corner)
  Requirement:            0.000ns  (clk rise@0.000ns - clk rise@0.000ns)
  Data Path Delay:        0.277ns  (logic 0.164ns (59.176%)  route 0.113ns (40.824%))
  Logic Levels:           0  
  Clock Path Skew:        0.014ns (DCD - SCD - CPR)
    Destination Clock Delay (DCD):    2.035ns
    Source Clock Delay      (SCD):    1.519ns
    Clock Pessimism Removal (CPR):    0.501ns

    Location             Delay type                Incr(ns)  Path(ns)    Netlist Resource(s)
  -------------------------------------------------------------------    -------------------
                         (clock clk rise edge)        0.000     0.000 r  
    E3                                                0.000     0.000 r  clk (IN)
                         net (fo=0)                   0.000     0.000    clk
    E3                   IBUF (Prop_ibuf_I_O)         0.250     0.250 r  clk_IBUF_inst/O
                         net (fo=1, routed)           0.644     0.894    clk_IBUF
    BUFGCTRL_X0Y16       BUFG (Prop_bufg_I_O)         0.026     0.920 r  clk_IBUF_BUFG_inst/O
                         net (fo=79, routed)          0.600     1.519    convert_scancode_inst/CLK
    SLICE_X88Y81         FDRE                                         r  convert_scancode_inst/shift_reg_reg[6]/C
  -------------------------------------------------------------------    -------------------
    SLICE_X88Y81         FDRE (Prop_fdre_C_Q)         0.164     1.683 r  convert_scancode_inst/shift_reg_reg[6]/Q
                         net (fo=3, routed)           0.113     1.796    convert_scancode_inst/p_0_in[5]
    SLICE_X86Y81         FDRE                                         r  convert_scancode_inst/scan_code_reg_reg[5]/D
  -------------------------------------------------------------------    -------------------

                         (clock clk rise edge)        0.000     0.000 r  
    E3                                                0.000     0.000 r  clk (IN)
                         net (fo=0)                   0.000     0.000    clk
    E3                   IBUF (Prop_ibuf_I_O)         0.438     0.438 r  clk_IBUF_inst/O
                         net (fo=1, routed)           0.699     1.136    clk_IBUF
    BUFGCTRL_X0Y16       BUFG (Prop_bufg_I_O)         0.029     1.165 r  clk_IBUF_BUFG_inst/O
                         net (fo=79, routed)          0.870     2.035    convert_scancode_inst/CLK
    SLICE_X86Y81         FDRE                                         r  convert_scancode_inst/scan_code_reg_reg[5]/C
                         clock pessimism             -0.501     1.533    
    SLICE_X86Y81         FDRE (Hold_fdre_C_D)         0.071     1.604    convert_scancode_inst/scan_code_reg_reg[5]
  -------------------------------------------------------------------
                         required time                         -1.604    
                         arrival time                           1.796    
  -------------------------------------------------------------------
                         slack                                  0.192    

Slack (MET) :             0.193ns  (arrival time - required time)
  Source:                 keyboard_ctrl_inst/digits_reg[2][2]/C
                            (rising edge-triggered cell FDRE clocked by clk  {rise@0.000ns fall@5.000ns period=10.000ns})
  Destination:            keyboard_ctrl_inst/digits_reg[3][2]/D
                            (rising edge-triggered cell FDRE clocked by clk  {rise@0.000ns fall@5.000ns period=10.000ns})
  Path Group:             clk
  Path Type:              Hold (Min at Fast Process Corner)
  Requirement:            0.000ns  (clk rise@0.000ns - clk rise@0.000ns)
  Data Path Delay:        0.269ns  (logic 0.141ns (52.485%)  route 0.128ns (47.515%))
  Logic Levels:           0  
  Clock Path Skew:        0.013ns (DCD - SCD - CPR)
    Destination Clock Delay (DCD):    2.036ns
    Source Clock Delay      (SCD):    1.520ns
    Clock Pessimism Removal (CPR):    0.502ns

    Location             Delay type                Incr(ns)  Path(ns)    Netlist Resource(s)
  -------------------------------------------------------------------    -------------------
                         (clock clk rise edge)        0.000     0.000 r  
    E3                                                0.000     0.000 r  clk (IN)
                         net (fo=0)                   0.000     0.000    clk
    E3                   IBUF (Prop_ibuf_I_O)         0.250     0.250 r  clk_IBUF_inst/O
                         net (fo=1, routed)           0.644     0.894    clk_IBUF
    BUFGCTRL_X0Y16       BUFG (Prop_bufg_I_O)         0.026     0.920 r  clk_IBUF_BUFG_inst/O
                         net (fo=79, routed)          0.601     1.520    keyboard_ctrl_inst/CLK
    SLICE_X85Y83         FDRE                                         r  keyboard_ctrl_inst/digits_reg[2][2]/C
  -------------------------------------------------------------------    -------------------
    SLICE_X85Y83         FDRE (Prop_fdre_C_Q)         0.141     1.661 r  keyboard_ctrl_inst/digits_reg[2][2]/Q
                         net (fo=2, routed)           0.128     1.789    keyboard_ctrl_inst/digits_reg[2][2]
    SLICE_X84Y83         FDRE                                         r  keyboard_ctrl_inst/digits_reg[3][2]/D
  -------------------------------------------------------------------    -------------------

                         (clock clk rise edge)        0.000     0.000 r  
    E3                                                0.000     0.000 r  clk (IN)
                         net (fo=0)                   0.000     0.000    clk
    E3                   IBUF (Prop_ibuf_I_O)         0.438     0.438 r  clk_IBUF_inst/O
                         net (fo=1, routed)           0.699     1.136    clk_IBUF
    BUFGCTRL_X0Y16       BUFG (Prop_bufg_I_O)         0.029     1.165 r  clk_IBUF_BUFG_inst/O
                         net (fo=79, routed)          0.871     2.036    keyboard_ctrl_inst/CLK
    SLICE_X84Y83         FDRE                                         r  keyboard_ctrl_inst/digits_reg[3][2]/C
                         clock pessimism             -0.502     1.533    
    SLICE_X84Y83         FDRE (Hold_fdre_C_D)         0.063     1.596    keyboard_ctrl_inst/digits_reg[3][2]
  -------------------------------------------------------------------
                         required time                         -1.596    
                         arrival time                           1.789    
  -------------------------------------------------------------------
                         slack                                  0.193    

Slack (MET) :             0.204ns  (arrival time - required time)
  Source:                 convert_scancode_inst/shift_reg_reg[6]/C
                            (rising edge-triggered cell FDRE clocked by clk  {rise@0.000ns fall@5.000ns period=10.000ns})
  Destination:            convert_scancode_inst/shift_reg_reg[5]/D
                            (rising edge-triggered cell FDRE clocked by clk  {rise@0.000ns fall@5.000ns period=10.000ns})
  Path Group:             clk
  Path Type:              Hold (Min at Fast Process Corner)
  Requirement:            0.000ns  (clk rise@0.000ns - clk rise@0.000ns)
  Data Path Delay:        0.289ns  (logic 0.164ns (56.756%)  route 0.125ns (43.244%))
  Logic Levels:           0  
  Clock Path Skew:        0.013ns (DCD - SCD - CPR)
    Destination Clock Delay (DCD):    2.034ns
    Source Clock Delay      (SCD):    1.519ns
    Clock Pessimism Removal (CPR):    0.501ns

    Location             Delay type                Incr(ns)  Path(ns)    Netlist Resource(s)
  -------------------------------------------------------------------    -------------------
                         (clock clk rise edge)        0.000     0.000 r  
    E3                                                0.000     0.000 r  clk (IN)
                         net (fo=0)                   0.000     0.000    clk
    E3                   IBUF (Prop_ibuf_I_O)         0.250     0.250 r  clk_IBUF_inst/O
                         net (fo=1, routed)           0.644     0.894    clk_IBUF
    BUFGCTRL_X0Y16       BUFG (Prop_bufg_I_O)         0.026     0.920 r  clk_IBUF_BUFG_inst/O
                         net (fo=79, routed)          0.600     1.519    convert_scancode_inst/CLK
    SLICE_X88Y81         FDRE                                         r  convert_scancode_inst/shift_reg_reg[6]/C
  -------------------------------------------------------------------    -------------------
    SLICE_X88Y81         FDRE (Prop_fdre_C_Q)         0.164     1.683 r  convert_scancode_inst/shift_reg_reg[6]/Q
                         net (fo=3, routed)           0.125     1.808    convert_scancode_inst/p_0_in[5]
    SLICE_X86Y80         FDRE                                         r  convert_scancode_inst/shift_reg_reg[5]/D
  -------------------------------------------------------------------    -------------------

                         (clock clk rise edge)        0.000     0.000 r  
    E3                                                0.000     0.000 r  clk (IN)
                         net (fo=0)                   0.000     0.000    clk
    E3                   IBUF (Prop_ibuf_I_O)         0.438     0.438 r  clk_IBUF_inst/O
                         net (fo=1, routed)           0.699     1.136    clk_IBUF
    BUFGCTRL_X0Y16       BUFG (Prop_bufg_I_O)         0.029     1.165 r  clk_IBUF_BUFG_inst/O
                         net (fo=79, routed)          0.869     2.034    convert_scancode_inst/CLK
    SLICE_X86Y80         FDRE                                         r  convert_scancode_inst/shift_reg_reg[5]/C
                         clock pessimism             -0.501     1.532    
    SLICE_X86Y80         FDRE (Hold_fdre_C_D)         0.072     1.604    convert_scancode_inst/shift_reg_reg[5]
  -------------------------------------------------------------------
                         required time                         -1.604    
                         arrival time                           1.808    
  -------------------------------------------------------------------
                         slack                                  0.204    





Pulse Width Checks
--------------------------------------------------------------------------------------
Clock Name:         clk
Waveform(ns):       { 0.000 5.000 }
Period(ns):         10.000
Sources:            { clk }

Check Type        Corner  Lib Pin  Reference Pin  Required(ns)  Actual(ns)  Slack(ns)  Location        Pin
Min Period        n/a     BUFG/I   n/a            2.155         10.000      7.845      BUFGCTRL_X0Y16  clk_IBUF_BUFG_inst/I
Min Period        n/a     FDRE/C   n/a            1.000         10.000      9.000      SLICE_X89Y82    convert_scancode_inst/bit_count_reg[0]/C
Min Period        n/a     FDRE/C   n/a            1.000         10.000      9.000      SLICE_X89Y82    convert_scancode_inst/bit_count_reg[1]/C
Min Period        n/a     FDRE/C   n/a            1.000         10.000      9.000      SLICE_X89Y82    convert_scancode_inst/bit_count_reg[2]/C
Min Period        n/a     FDRE/C   n/a            1.000         10.000      9.000      SLICE_X89Y82    convert_scancode_inst/bit_count_reg[3]/C
Min Period        n/a     FDRE/C   n/a            1.000         10.000      9.000      SLICE_X86Y81    convert_scancode_inst/scan_code_reg_reg[0]/C
Min Period        n/a     FDRE/C   n/a            1.000         10.000      9.000      SLICE_X86Y79    convert_scancode_inst/scan_code_reg_reg[0]_lopt_replica/C
Min Period        n/a     FDRE/C   n/a            1.000         10.000      9.000      SLICE_X86Y81    convert_scancode_inst/scan_code_reg_reg[1]/C
Min Period        n/a     FDRE/C   n/a            1.000         10.000      9.000      SLICE_X89Y80    convert_scancode_inst/scan_code_reg_reg[1]_lopt_replica/C
Min Period        n/a     FDRE/C   n/a            1.000         10.000      9.000      SLICE_X86Y81    convert_scancode_inst/scan_code_reg_reg[2]/C
Low Pulse Width   Slow    FDRE/C   n/a            0.500         5.000       4.500      SLICE_X89Y82    convert_scancode_inst/bit_count_reg[0]/C
Low Pulse Width   Fast    FDRE/C   n/a            0.500         5.000       4.500      SLICE_X89Y82    convert_scancode_inst/bit_count_reg[0]/C
Low Pulse Width   Slow    FDRE/C   n/a            0.500         5.000       4.500      SLICE_X89Y82    convert_scancode_inst/bit_count_reg[1]/C
Low Pulse Width   Fast    FDRE/C   n/a            0.500         5.000       4.500      SLICE_X89Y82    convert_scancode_inst/bit_count_reg[1]/C
Low Pulse Width   Slow    FDRE/C   n/a            0.500         5.000       4.500      SLICE_X89Y82    convert_scancode_inst/bit_count_reg[2]/C
Low Pulse Width   Fast    FDRE/C   n/a            0.500         5.000       4.500      SLICE_X89Y82    convert_scancode_inst/bit_count_reg[2]/C
Low Pulse Width   Slow    FDRE/C   n/a            0.500         5.000       4.500      SLICE_X89Y82    convert_scancode_inst/bit_count_reg[3]/C
Low Pulse Width   Fast    FDRE/C   n/a            0.500         5.000       4.500      SLICE_X89Y82    convert_scancode_inst/bit_count_reg[3]/C
Low Pulse Width   Slow    FDRE/C   n/a            0.500         5.000       4.500      SLICE_X86Y81    convert_scancode_inst/scan_code_reg_reg[0]/C
Low Pulse Width   Fast    FDRE/C   n/a            0.500         5.000       4.500      SLICE_X86Y81    convert_scancode_inst/scan_code_reg_reg[0]/C
High Pulse Width  Slow    FDRE/C   n/a            0.500         5.000       4.500      SLICE_X89Y82    convert_scancode_inst/bit_count_reg[0]/C
High Pulse Width  Fast    FDRE/C   n/a            0.500         5.000       4.500      SLICE_X89Y82    convert_scancode_inst/bit_count_reg[0]/C
High Pulse Width  Slow    FDRE/C   n/a            0.500         5.000       4.500      SLICE_X89Y82    convert_scancode_inst/bit_count_reg[1]/C
High Pulse Width  Fast    FDRE/C   n/a            0.500         5.000       4.500      SLICE_X89Y82    convert_scancode_inst/bit_count_reg[1]/C
High Pulse Width  Slow    FDRE/C   n/a            0.500         5.000       4.500      SLICE_X89Y82    convert_scancode_inst/bit_count_reg[2]/C
High Pulse Width  Fast    FDRE/C   n/a            0.500         5.000       4.500      SLICE_X89Y82    convert_scancode_inst/bit_count_reg[2]/C
High Pulse Width  Slow    FDRE/C   n/a            0.500         5.000       4.500      SLICE_X89Y82    convert_scancode_inst/bit_count_reg[3]/C
High Pulse Width  Fast    FDRE/C   n/a            0.500         5.000       4.500      SLICE_X89Y82    convert_scancode_inst/bit_count_reg[3]/C
High Pulse Width  Slow    FDRE/C   n/a            0.500         5.000       4.500      SLICE_X86Y81    convert_scancode_inst/scan_code_reg_reg[0]/C
High Pulse Width  Fast    FDRE/C   n/a            0.500         5.000       4.500      SLICE_X86Y81    convert_scancode_inst/scan_code_reg_reg[0]/C



--------------------------------------------------------------------------------------
Path Group:  (none)
From Clock:  clk
  To Clock:  

Max Delay            19 Endpoints
Min Delay            19 Endpoints
--------------------------------------------------------------------------------------


Max Delay Paths
--------------------------------------------------------------------------------------
Slack:                    inf
  Source:                 keyboard_ctrl_inst/num_cycles_reg[1]/C
                            (rising edge-triggered cell FDRE clocked by clk  {rise@0.000ns fall@5.000ns period=10.000ns})
  Destination:            num[1]
                            (output port)
  Path Group:             (none)
  Path Type:              Max at Slow Process Corner
  Data Path Delay:        10.608ns  (logic 4.623ns (43.581%)  route 5.985ns (56.419%))
  Logic Levels:           5  (LUT5=1 LUT6=3 OBUF=1)
  Clock Uncertainty:      0.025ns  ((TSJ^2 + TIJ^2)^1/2 + DJ) / 2 + PE
    Total System Jitter     (TSJ):    0.050ns
    Total Input Jitter      (TIJ):    0.000ns
    Discrete Jitter          (DJ):    0.000ns
    Phase Error              (PE):    0.000ns

    Location             Delay type                Incr(ns)  Path(ns)    Netlist Resource(s)
  -------------------------------------------------------------------    -------------------
                         (clock clk rise edge)        0.000     0.000 r  
    E3                                                0.000     0.000 r  clk (IN)
                         net (fo=0)                   0.000     0.000    clk
    E3                   IBUF (Prop_ibuf_I_O)         1.482     1.482 r  clk_IBUF_inst/O
                         net (fo=1, routed)           2.025     3.506    clk_IBUF
    BUFGCTRL_X0Y16       BUFG (Prop_bufg_I_O)         0.096     3.602 r  clk_IBUF_BUFG_inst/O
                         net (fo=79, routed)          1.719     5.322    keyboard_ctrl_inst/CLK
    SLICE_X83Y81         FDRE                                         r  keyboard_ctrl_inst/num_cycles_reg[1]/C
  -------------------------------------------------------------------    -------------------
    SLICE_X83Y81         FDRE (Prop_fdre_C_Q)         0.419     5.741 r  keyboard_ctrl_inst/num_cycles_reg[1]/Q
                         net (fo=13, routed)          1.401     7.142    keyboard_ctrl_inst/num_cycles[1]
    SLICE_X84Y83         LUT6 (Prop_lut6_I3_O)        0.299     7.441 r  keyboard_ctrl_inst/num_OBUF[6]_inst_i_9/O
                         net (fo=4, routed)           0.852     8.294    keyboard_ctrl_inst/num_OBUF[6]_inst_i_9_n_0
    SLICE_X85Y82         LUT5 (Prop_lut5_I1_O)        0.124     8.418 r  keyboard_ctrl_inst/num_OBUF[6]_inst_i_17/O
                         net (fo=1, routed)           0.812     9.230    keyboard_ctrl_inst/num_OBUF[6]_inst_i_17_n_0
    SLICE_X85Y83         LUT6 (Prop_lut6_I1_O)        0.124     9.354 r  keyboard_ctrl_inst/num_OBUF[6]_inst_i_7/O
                         net (fo=7, routed)           0.864    10.218    keyboard_ctrl_inst/binary_num[3]
    SLICE_X86Y84         LUT6 (Prop_lut6_I3_O)        0.124    10.342 r  keyboard_ctrl_inst/num_OBUF[1]_inst_i_1/O
                         net (fo=1, routed)           2.054    12.397    num_OBUF[1]
    N1                   OBUF (Prop_obuf_I_O)         3.533    15.930 r  num_OBUF[1]_inst/O
                         net (fo=0)                   0.000    15.930    num[1]
    N1                                                                r  num[1] (OUT)
  -------------------------------------------------------------------    -------------------

Slack:                    inf
  Source:                 keyboard_ctrl_inst/num_cycles_reg[1]/C
                            (rising edge-triggered cell FDRE clocked by clk  {rise@0.000ns fall@5.000ns period=10.000ns})
  Destination:            num[0]
                            (output port)
  Path Group:             (none)
  Path Type:              Max at Slow Process Corner
  Data Path Delay:        10.589ns  (logic 4.840ns (45.711%)  route 5.749ns (54.289%))
  Logic Levels:           5  (LUT5=1 LUT6=3 OBUF=1)
  Clock Uncertainty:      0.025ns  ((TSJ^2 + TIJ^2)^1/2 + DJ) / 2 + PE
    Total System Jitter     (TSJ):    0.050ns
    Total Input Jitter      (TIJ):    0.000ns
    Discrete Jitter          (DJ):    0.000ns
    Phase Error              (PE):    0.000ns

    Location             Delay type                Incr(ns)  Path(ns)    Netlist Resource(s)
  -------------------------------------------------------------------    -------------------
                         (clock clk rise edge)        0.000     0.000 r  
    E3                                                0.000     0.000 r  clk (IN)
                         net (fo=0)                   0.000     0.000    clk
    E3                   IBUF (Prop_ibuf_I_O)         1.482     1.482 r  clk_IBUF_inst/O
                         net (fo=1, routed)           2.025     3.506    clk_IBUF
    BUFGCTRL_X0Y16       BUFG (Prop_bufg_I_O)         0.096     3.602 r  clk_IBUF_BUFG_inst/O
                         net (fo=79, routed)          1.719     5.322    keyboard_ctrl_inst/CLK
    SLICE_X83Y81         FDRE                                         r  keyboard_ctrl_inst/num_cycles_reg[1]/C
  -------------------------------------------------------------------    -------------------
    SLICE_X83Y81         FDRE (Prop_fdre_C_Q)         0.419     5.741 r  keyboard_ctrl_inst/num_cycles_reg[1]/Q
                         net (fo=13, routed)          1.401     7.142    keyboard_ctrl_inst/num_cycles[1]
    SLICE_X84Y83         LUT6 (Prop_lut6_I3_O)        0.299     7.441 r  keyboard_ctrl_inst/num_OBUF[6]_inst_i_9/O
                         net (fo=4, routed)           0.852     8.294    keyboard_ctrl_inst/num_OBUF[6]_inst_i_9_n_0
    SLICE_X85Y82         LUT5 (Prop_lut5_I1_O)        0.150     8.444 f  keyboard_ctrl_inst/num_OBUF[6]_inst_i_15/O
                         net (fo=1, routed)           0.575     9.018    keyboard_ctrl_inst/num_OBUF[6]_inst_i_15_n_0
    SLICE_X85Y83         LUT6 (Prop_lut6_I1_O)        0.326     9.344 f  keyboard_ctrl_inst/num_OBUF[6]_inst_i_5/O
                         net (fo=7, routed)           0.856    10.200    keyboard_ctrl_inst/binary_num[1]
    SLICE_X87Y84         LUT6 (Prop_lut6_I3_O)        0.124    10.324 r  keyboard_ctrl_inst/num_OBUF[0]_inst_i_1/O
                         net (fo=1, routed)           2.064    12.388    num_OBUF[0]
    L3                   OBUF (Prop_obuf_I_O)         3.522    15.910 r  num_OBUF[0]_inst/O
                         net (fo=0)                   0.000    15.910    num[0]
    L3                                                                r  num[0] (OUT)
  -------------------------------------------------------------------    -------------------

Slack:                    inf
  Source:                 keyboard_ctrl_inst/num_cycles_reg[1]/C
                            (rising edge-triggered cell FDRE clocked by clk  {rise@0.000ns fall@5.000ns period=10.000ns})
  Destination:            num[5]
                            (output port)
  Path Group:             (none)
  Path Type:              Max at Slow Process Corner
  Data Path Delay:        10.457ns  (logic 4.622ns (44.196%)  route 5.836ns (55.804%))
  Logic Levels:           5  (LUT5=1 LUT6=3 OBUF=1)
  Clock Uncertainty:      0.025ns  ((TSJ^2 + TIJ^2)^1/2 + DJ) / 2 + PE
    Total System Jitter     (TSJ):    0.050ns
    Total Input Jitter      (TIJ):    0.000ns
    Discrete Jitter          (DJ):    0.000ns
    Phase Error              (PE):    0.000ns

    Location             Delay type                Incr(ns)  Path(ns)    Netlist Resource(s)
  -------------------------------------------------------------------    -------------------
                         (clock clk rise edge)        0.000     0.000 r  
    E3                                                0.000     0.000 r  clk (IN)
                         net (fo=0)                   0.000     0.000    clk
    E3                   IBUF (Prop_ibuf_I_O)         1.482     1.482 r  clk_IBUF_inst/O
                         net (fo=1, routed)           2.025     3.506    clk_IBUF
    BUFGCTRL_X0Y16       BUFG (Prop_bufg_I_O)         0.096     3.602 r  clk_IBUF_BUFG_inst/O
                         net (fo=79, routed)          1.719     5.322    keyboard_ctrl_inst/CLK
    SLICE_X83Y81         FDRE                                         r  keyboard_ctrl_inst/num_cycles_reg[1]/C
  -------------------------------------------------------------------    -------------------
    SLICE_X83Y81         FDRE (Prop_fdre_C_Q)         0.419     5.741 r  keyboard_ctrl_inst/num_cycles_reg[1]/Q
                         net (fo=13, routed)          1.401     7.142    keyboard_ctrl_inst/num_cycles[1]
    SLICE_X84Y83         LUT6 (Prop_lut6_I3_O)        0.299     7.441 r  keyboard_ctrl_inst/num_OBUF[6]_inst_i_9/O
                         net (fo=4, routed)           0.852     8.294    keyboard_ctrl_inst/num_OBUF[6]_inst_i_9_n_0
    SLICE_X85Y82         LUT5 (Prop_lut5_I1_O)        0.124     8.418 f  keyboard_ctrl_inst/num_OBUF[6]_inst_i_17/O
                         net (fo=1, routed)           0.812     9.230    keyboard_ctrl_inst/num_OBUF[6]_inst_i_17_n_0
    SLICE_X85Y83         LUT6 (Prop_lut6_I1_O)        0.124     9.354 f  keyboard_ctrl_inst/num_OBUF[6]_inst_i_7/O
                         net (fo=7, routed)           0.874    10.228    keyboard_ctrl_inst/binary_num[3]
    SLICE_X87Y84         LUT6 (Prop_lut6_I5_O)        0.124    10.352 r  keyboard_ctrl_inst/num_OBUF[5]_inst_i_1/O
                         net (fo=1, routed)           1.895    12.247    num_OBUF[5]
    M2                   OBUF (Prop_obuf_I_O)         3.532    15.779 r  num_OBUF[5]_inst/O
                         net (fo=0)                   0.000    15.779    num[5]
    M2                                                                r  num[5] (OUT)
  -------------------------------------------------------------------    -------------------

Slack:                    inf
  Source:                 keyboard_ctrl_inst/num_cycles_reg[1]/C
                            (rising edge-triggered cell FDRE clocked by clk  {rise@0.000ns fall@5.000ns period=10.000ns})
  Destination:            num[3]
                            (output port)
  Path Group:             (none)
  Path Type:              Max at Slow Process Corner
  Data Path Delay:        10.446ns  (logic 4.842ns (46.351%)  route 5.604ns (53.649%))
  Logic Levels:           5  (LUT5=1 LUT6=3 OBUF=1)
  Clock Uncertainty:      0.025ns  ((TSJ^2 + TIJ^2)^1/2 + DJ) / 2 + PE
    Total System Jitter     (TSJ):    0.050ns
    Total Input Jitter      (TIJ):    0.000ns
    Discrete Jitter          (DJ):    0.000ns
    Phase Error              (PE):    0.000ns

    Location             Delay type                Incr(ns)  Path(ns)    Netlist Resource(s)
  -------------------------------------------------------------------    -------------------
                         (clock clk rise edge)        0.000     0.000 r  
    E3                                                0.000     0.000 r  clk (IN)
                         net (fo=0)                   0.000     0.000    clk
    E3                   IBUF (Prop_ibuf_I_O)         1.482     1.482 r  clk_IBUF_inst/O
                         net (fo=1, routed)           2.025     3.506    clk_IBUF
    BUFGCTRL_X0Y16       BUFG (Prop_bufg_I_O)         0.096     3.602 r  clk_IBUF_BUFG_inst/O
                         net (fo=79, routed)          1.719     5.322    keyboard_ctrl_inst/CLK
    SLICE_X83Y81         FDRE                                         r  keyboard_ctrl_inst/num_cycles_reg[1]/C
  -------------------------------------------------------------------    -------------------
    SLICE_X83Y81         FDRE (Prop_fdre_C_Q)         0.419     5.741 r  keyboard_ctrl_inst/num_cycles_reg[1]/Q
                         net (fo=13, routed)          1.401     7.142    keyboard_ctrl_inst/num_cycles[1]
    SLICE_X84Y83         LUT6 (Prop_lut6_I3_O)        0.299     7.441 r  keyboard_ctrl_inst/num_OBUF[6]_inst_i_9/O
                         net (fo=4, routed)           0.852     8.294    keyboard_ctrl_inst/num_OBUF[6]_inst_i_9_n_0
    SLICE_X85Y82         LUT5 (Prop_lut5_I1_O)        0.150     8.444 r  keyboard_ctrl_inst/num_OBUF[6]_inst_i_15/O
                         net (fo=1, routed)           0.575     9.018    keyboard_ctrl_inst/num_OBUF[6]_inst_i_15_n_0
    SLICE_X85Y83         LUT6 (Prop_lut6_I1_O)        0.326     9.344 r  keyboard_ctrl_inst/num_OBUF[6]_inst_i_5/O
                         net (fo=7, routed)           0.914    10.259    keyboard_ctrl_inst/binary_num[1]
    SLICE_X86Y84         LUT6 (Prop_lut6_I3_O)        0.124    10.383 r  keyboard_ctrl_inst/num_OBUF[3]_inst_i_1/O
                         net (fo=1, routed)           1.862    12.244    num_OBUF[3]
    L4                   OBUF (Prop_obuf_I_O)         3.524    15.768 r  num_OBUF[3]_inst/O
                         net (fo=0)                   0.000    15.768    num[3]
    L4                                                                r  num[3] (OUT)
  -------------------------------------------------------------------    -------------------

Slack:                    inf
  Source:                 keyboard_ctrl_inst/num_cycles_reg[1]/C
                            (rising edge-triggered cell FDRE clocked by clk  {rise@0.000ns fall@5.000ns period=10.000ns})
  Destination:            num[6]
                            (output port)
  Path Group:             (none)
  Path Type:              Max at Slow Process Corner
  Data Path Delay:        10.403ns  (logic 4.613ns (44.340%)  route 5.790ns (55.660%))
  Logic Levels:           5  (LUT5=1 LUT6=3 OBUF=1)
  Clock Uncertainty:      0.025ns  ((TSJ^2 + TIJ^2)^1/2 + DJ) / 2 + PE
    Total System Jitter     (TSJ):    0.050ns
    Total Input Jitter      (TIJ):    0.000ns
    Discrete Jitter          (DJ):    0.000ns
    Phase Error              (PE):    0.000ns

    Location             Delay type                Incr(ns)  Path(ns)    Netlist Resource(s)
  -------------------------------------------------------------------    -------------------
                         (clock clk rise edge)        0.000     0.000 r  
    E3                                                0.000     0.000 r  clk (IN)
                         net (fo=0)                   0.000     0.000    clk
    E3                   IBUF (Prop_ibuf_I_O)         1.482     1.482 r  clk_IBUF_inst/O
                         net (fo=1, routed)           2.025     3.506    clk_IBUF
    BUFGCTRL_X0Y16       BUFG (Prop_bufg_I_O)         0.096     3.602 r  clk_IBUF_BUFG_inst/O
                         net (fo=79, routed)          1.719     5.322    keyboard_ctrl_inst/CLK
    SLICE_X83Y81         FDRE                                         r  keyboard_ctrl_inst/num_cycles_reg[1]/C
  -------------------------------------------------------------------    -------------------
    SLICE_X83Y81         FDRE (Prop_fdre_C_Q)         0.419     5.741 r  keyboard_ctrl_inst/num_cycles_reg[1]/Q
                         net (fo=13, routed)          1.401     7.142    keyboard_ctrl_inst/num_cycles[1]
    SLICE_X84Y83         LUT6 (Prop_lut6_I3_O)        0.299     7.441 r  keyboard_ctrl_inst/num_OBUF[6]_inst_i_9/O
                         net (fo=4, routed)           0.852     8.294    keyboard_ctrl_inst/num_OBUF[6]_inst_i_9_n_0
    SLICE_X85Y82         LUT5 (Prop_lut5_I1_O)        0.124     8.418 f  keyboard_ctrl_inst/num_OBUF[6]_inst_i_17/O
                         net (fo=1, routed)           0.812     9.230    keyboard_ctrl_inst/num_OBUF[6]_inst_i_17_n_0
    SLICE_X85Y83         LUT6 (Prop_lut6_I1_O)        0.124     9.354 f  keyboard_ctrl_inst/num_OBUF[6]_inst_i_7/O
                         net (fo=7, routed)           0.879    10.233    keyboard_ctrl_inst/binary_num[3]
    SLICE_X87Y84         LUT6 (Prop_lut6_I5_O)        0.124    10.357 r  keyboard_ctrl_inst/num_OBUF[6]_inst_i_1/O
                         net (fo=1, routed)           1.845    12.202    num_OBUF[6]
    L6                   OBUF (Prop_obuf_I_O)         3.523    15.725 r  num_OBUF[6]_inst/O
                         net (fo=0)                   0.000    15.725    num[6]
    L6                                                                r  num[6] (OUT)
  -------------------------------------------------------------------    -------------------

Slack:                    inf
  Source:                 keyboard_ctrl_inst/num_cycles_reg[1]/C
                            (rising edge-triggered cell FDRE clocked by clk  {rise@0.000ns fall@5.000ns period=10.000ns})
  Destination:            num[4]
                            (output port)
  Path Group:             (none)
  Path Type:              Max at Slow Process Corner
  Data Path Delay:        10.364ns  (logic 4.841ns (46.711%)  route 5.523ns (53.289%))
  Logic Levels:           5  (LUT5=1 LUT6=3 OBUF=1)
  Clock Uncertainty:      0.025ns  ((TSJ^2 + TIJ^2)^1/2 + DJ) / 2 + PE
    Total System Jitter     (TSJ):    0.050ns
    Total Input Jitter      (TIJ):    0.000ns
    Discrete Jitter          (DJ):    0.000ns
    Phase Error              (PE):    0.000ns

    Location             Delay type                Incr(ns)  Path(ns)    Netlist Resource(s)
  -------------------------------------------------------------------    -------------------
                         (clock clk rise edge)        0.000     0.000 r  
    E3                                                0.000     0.000 r  clk (IN)
                         net (fo=0)                   0.000     0.000    clk
    E3                   IBUF (Prop_ibuf_I_O)         1.482     1.482 r  clk_IBUF_inst/O
                         net (fo=1, routed)           2.025     3.506    clk_IBUF
    BUFGCTRL_X0Y16       BUFG (Prop_bufg_I_O)         0.096     3.602 r  clk_IBUF_BUFG_inst/O
                         net (fo=79, routed)          1.719     5.322    keyboard_ctrl_inst/CLK
    SLICE_X83Y81         FDRE                                         r  keyboard_ctrl_inst/num_cycles_reg[1]/C
  -------------------------------------------------------------------    -------------------
    SLICE_X83Y81         FDRE (Prop_fdre_C_Q)         0.419     5.741 r  keyboard_ctrl_inst/num_cycles_reg[1]/Q
                         net (fo=13, routed)          1.401     7.142    keyboard_ctrl_inst/num_cycles[1]
    SLICE_X84Y83         LUT6 (Prop_lut6_I3_O)        0.299     7.441 r  keyboard_ctrl_inst/num_OBUF[6]_inst_i_9/O
                         net (fo=4, routed)           0.852     8.294    keyboard_ctrl_inst/num_OBUF[6]_inst_i_9_n_0
    SLICE_X85Y82         LUT5 (Prop_lut5_I1_O)        0.150     8.444 f  keyboard_ctrl_inst/num_OBUF[6]_inst_i_15/O
                         net (fo=1, routed)           0.575     9.018    keyboard_ctrl_inst/num_OBUF[6]_inst_i_15_n_0
    SLICE_X85Y83         LUT6 (Prop_lut6_I1_O)        0.326     9.344 f  keyboard_ctrl_inst/num_OBUF[6]_inst_i_5/O
                         net (fo=7, routed)           0.631     9.975    keyboard_ctrl_inst/binary_num[1]
    SLICE_X87Y84         LUT6 (Prop_lut6_I4_O)        0.124    10.099 r  keyboard_ctrl_inst/num_OBUF[4]_inst_i_1/O
                         net (fo=1, routed)           2.063    12.162    num_OBUF[4]
    K3                   OBUF (Prop_obuf_I_O)         3.523    15.685 r  num_OBUF[4]_inst/O
                         net (fo=0)                   0.000    15.685    num[4]
    K3                                                                r  num[4] (OUT)
  -------------------------------------------------------------------    -------------------

Slack:                    inf
  Source:                 keyboard_ctrl_inst/num_cycles_reg[1]/C
                            (rising edge-triggered cell FDRE clocked by clk  {rise@0.000ns fall@5.000ns period=10.000ns})
  Destination:            num[2]
                            (output port)
  Path Group:             (none)
  Path Type:              Max at Slow Process Corner
  Data Path Delay:        10.235ns  (logic 4.828ns (47.173%)  route 5.407ns (52.827%))
  Logic Levels:           5  (LUT5=1 LUT6=3 OBUF=1)
  Clock Uncertainty:      0.025ns  ((TSJ^2 + TIJ^2)^1/2 + DJ) / 2 + PE
    Total System Jitter     (TSJ):    0.050ns
    Total Input Jitter      (TIJ):    0.000ns
    Discrete Jitter          (DJ):    0.000ns
    Phase Error              (PE):    0.000ns

    Location             Delay type                Incr(ns)  Path(ns)    Netlist Resource(s)
  -------------------------------------------------------------------    -------------------
                         (clock clk rise edge)        0.000     0.000 r  
    E3                                                0.000     0.000 r  clk (IN)
                         net (fo=0)                   0.000     0.000    clk
    E3                   IBUF (Prop_ibuf_I_O)         1.482     1.482 r  clk_IBUF_inst/O
                         net (fo=1, routed)           2.025     3.506    clk_IBUF
    BUFGCTRL_X0Y16       BUFG (Prop_bufg_I_O)         0.096     3.602 r  clk_IBUF_BUFG_inst/O
                         net (fo=79, routed)          1.719     5.322    keyboard_ctrl_inst/CLK
    SLICE_X83Y81         FDRE                                         r  keyboard_ctrl_inst/num_cycles_reg[1]/C
  -------------------------------------------------------------------    -------------------
    SLICE_X83Y81         FDRE (Prop_fdre_C_Q)         0.419     5.741 r  keyboard_ctrl_inst/num_cycles_reg[1]/Q
                         net (fo=13, routed)          1.401     7.142    keyboard_ctrl_inst/num_cycles[1]
    SLICE_X84Y83         LUT6 (Prop_lut6_I3_O)        0.299     7.441 r  keyboard_ctrl_inst/num_OBUF[6]_inst_i_9/O
                         net (fo=4, routed)           0.852     8.294    keyboard_ctrl_inst/num_OBUF[6]_inst_i_9_n_0
    SLICE_X85Y82         LUT5 (Prop_lut5_I1_O)        0.150     8.444 r  keyboard_ctrl_inst/num_OBUF[6]_inst_i_15/O
                         net (fo=1, routed)           0.575     9.018    keyboard_ctrl_inst/num_OBUF[6]_inst_i_15_n_0
    SLICE_X85Y83         LUT6 (Prop_lut6_I1_O)        0.326     9.344 r  keyboard_ctrl_inst/num_OBUF[6]_inst_i_5/O
                         net (fo=7, routed)           0.859    10.203    keyboard_ctrl_inst/binary_num[1]
    SLICE_X86Y84         LUT6 (Prop_lut6_I5_O)        0.124    10.327 r  keyboard_ctrl_inst/num_OBUF[2]_inst_i_1/O
                         net (fo=1, routed)           1.720    12.047    num_OBUF[2]
    L5                   OBUF (Prop_obuf_I_O)         3.510    15.557 r  num_OBUF[2]_inst/O
                         net (fo=0)                   0.000    15.557    num[2]
    L5                                                                r  num[2] (OUT)
  -------------------------------------------------------------------    -------------------

Slack:                    inf
  Source:                 keyboard_ctrl_inst/num_cycles_reg[1]/C
                            (rising edge-triggered cell FDRE clocked by clk  {rise@0.000ns fall@5.000ns period=10.000ns})
  Destination:            seg_en[0]
                            (output port)
  Path Group:             (none)
  Path Type:              Max at Slow Process Corner
  Data Path Delay:        7.714ns  (logic 4.473ns (57.977%)  route 3.242ns (42.023%))
  Logic Levels:           2  (LUT2=1 OBUF=1)
  Clock Uncertainty:      0.025ns  ((TSJ^2 + TIJ^2)^1/2 + DJ) / 2 + PE
    Total System Jitter     (TSJ):    0.050ns
    Total Input Jitter      (TIJ):    0.000ns
    Discrete Jitter          (DJ):    0.000ns
    Phase Error              (PE):    0.000ns

    Location             Delay type                Incr(ns)  Path(ns)    Netlist Resource(s)
  -------------------------------------------------------------------    -------------------
                         (clock clk rise edge)        0.000     0.000 r  
    E3                                                0.000     0.000 r  clk (IN)
                         net (fo=0)                   0.000     0.000    clk
    E3                   IBUF (Prop_ibuf_I_O)         1.482     1.482 r  clk_IBUF_inst/O
                         net (fo=1, routed)           2.025     3.506    clk_IBUF
    BUFGCTRL_X0Y16       BUFG (Prop_bufg_I_O)         0.096     3.602 r  clk_IBUF_BUFG_inst/O
                         net (fo=79, routed)          1.719     5.322    keyboard_ctrl_inst/CLK
    SLICE_X83Y81         FDRE                                         r  keyboard_ctrl_inst/num_cycles_reg[1]/C
  -------------------------------------------------------------------    -------------------
    SLICE_X83Y81         FDRE (Prop_fdre_C_Q)         0.419     5.741 r  keyboard_ctrl_inst/num_cycles_reg[1]/Q
                         net (fo=13, routed)          0.939     6.680    keyboard_ctrl_inst/num_cycles[1]
    SLICE_X87Y81         LUT2 (Prop_lut2_I0_O)        0.325     7.005 r  keyboard_ctrl_inst/seg_en_OBUF[0]_inst_i_1/O
                         net (fo=1, routed)           2.302     9.307    seg_en_OBUF[0]
    N6                   OBUF (Prop_obuf_I_O)         3.729    13.036 r  seg_en_OBUF[0]_inst/O
                         net (fo=0)                   0.000    13.036    seg_en[0]
    N6                                                                r  seg_en[0] (OUT)
  -------------------------------------------------------------------    -------------------

Slack:                    inf
  Source:                 keyboard_ctrl_inst/num_cycles_reg[1]/C
                            (rising edge-triggered cell FDRE clocked by clk  {rise@0.000ns fall@5.000ns period=10.000ns})
  Destination:            seg_en[1]
                            (output port)
  Path Group:             (none)
  Path Type:              Max at Slow Process Corner
  Data Path Delay:        7.487ns  (logic 4.249ns (56.752%)  route 3.238ns (43.248%))
  Logic Levels:           2  (LUT2=1 OBUF=1)
  Clock Uncertainty:      0.025ns  ((TSJ^2 + TIJ^2)^1/2 + DJ) / 2 + PE
    Total System Jitter     (TSJ):    0.050ns
    Total Input Jitter      (TIJ):    0.000ns
    Discrete Jitter          (DJ):    0.000ns
    Phase Error              (PE):    0.000ns

    Location             Delay type                Incr(ns)  Path(ns)    Netlist Resource(s)
  -------------------------------------------------------------------    -------------------
                         (clock clk rise edge)        0.000     0.000 r  
    E3                                                0.000     0.000 r  clk (IN)
                         net (fo=0)                   0.000     0.000    clk
    E3                   IBUF (Prop_ibuf_I_O)         1.482     1.482 r  clk_IBUF_inst/O
                         net (fo=1, routed)           2.025     3.506    clk_IBUF
    BUFGCTRL_X0Y16       BUFG (Prop_bufg_I_O)         0.096     3.602 r  clk_IBUF_BUFG_inst/O
                         net (fo=79, routed)          1.719     5.322    keyboard_ctrl_inst/CLK
    SLICE_X83Y81         FDRE                                         r  keyboard_ctrl_inst/num_cycles_reg[1]/C
  -------------------------------------------------------------------    -------------------
    SLICE_X83Y81         FDRE (Prop_fdre_C_Q)         0.419     5.741 r  keyboard_ctrl_inst/num_cycles_reg[1]/Q
                         net (fo=13, routed)          0.939     6.680    keyboard_ctrl_inst/num_cycles[1]
    SLICE_X87Y81         LUT2 (Prop_lut2_I0_O)        0.299     6.979 r  keyboard_ctrl_inst/seg_en_OBUF[1]_inst_i_1/O
                         net (fo=1, routed)           2.299     9.278    seg_en_OBUF[1]
    M6                   OBUF (Prop_obuf_I_O)         3.531    12.809 r  seg_en_OBUF[1]_inst/O
                         net (fo=0)                   0.000    12.809    seg_en[1]
    M6                                                                r  seg_en[1] (OUT)
  -------------------------------------------------------------------    -------------------

Slack:                    inf
  Source:                 keyboard_ctrl_inst/num_cycles_reg[1]/C
                            (rising edge-triggered cell FDRE clocked by clk  {rise@0.000ns fall@5.000ns period=10.000ns})
  Destination:            seg_en[3]
                            (output port)
  Path Group:             (none)
  Path Type:              Max at Slow Process Corner
  Data Path Delay:        7.195ns  (logic 4.477ns (62.232%)  route 2.717ns (37.768%))
  Logic Levels:           2  (LUT2=1 OBUF=1)
  Clock Uncertainty:      0.025ns  ((TSJ^2 + TIJ^2)^1/2 + DJ) / 2 + PE
    Total System Jitter     (TSJ):    0.050ns
    Total Input Jitter      (TIJ):    0.000ns
    Discrete Jitter          (DJ):    0.000ns
    Phase Error              (PE):    0.000ns

    Location             Delay type                Incr(ns)  Path(ns)    Netlist Resource(s)
  -------------------------------------------------------------------    -------------------
                         (clock clk rise edge)        0.000     0.000 r  
    E3                                                0.000     0.000 r  clk (IN)
                         net (fo=0)                   0.000     0.000    clk
    E3                   IBUF (Prop_ibuf_I_O)         1.482     1.482 r  clk_IBUF_inst/O
                         net (fo=1, routed)           2.025     3.506    clk_IBUF
    BUFGCTRL_X0Y16       BUFG (Prop_bufg_I_O)         0.096     3.602 r  clk_IBUF_BUFG_inst/O
                         net (fo=79, routed)          1.719     5.322    keyboard_ctrl_inst/CLK
    SLICE_X83Y81         FDRE                                         r  keyboard_ctrl_inst/num_cycles_reg[1]/C
  -------------------------------------------------------------------    -------------------
    SLICE_X83Y81         FDRE (Prop_fdre_C_Q)         0.419     5.741 f  keyboard_ctrl_inst/num_cycles_reg[1]/Q
                         net (fo=13, routed)          0.780     6.521    keyboard_ctrl_inst/num_cycles[1]
    SLICE_X87Y82         LUT2 (Prop_lut2_I0_O)        0.325     6.846 r  keyboard_ctrl_inst/seg_en_OBUF[3]_inst_i_1/O
                         net (fo=1, routed)           1.937     8.783    seg_en_OBUF[3]
    N5                   OBUF (Prop_obuf_I_O)         3.733    12.517 r  seg_en_OBUF[3]_inst/O
                         net (fo=0)                   0.000    12.517    seg_en[3]
    N5                                                                r  seg_en[3] (OUT)
  -------------------------------------------------------------------    -------------------





Min Delay Paths
--------------------------------------------------------------------------------------
Slack:                    inf
  Source:                 convert_scancode_inst/scan_code_reg_reg[5]_lopt_replica/C
                            (rising edge-triggered cell FDRE clocked by clk  {rise@0.000ns fall@5.000ns period=10.000ns})
  Destination:            sc[5]
                            (output port)
  Path Group:             (none)
  Path Type:              Min at Fast Process Corner
  Data Path Delay:        1.773ns  (logic 1.416ns (79.883%)  route 0.357ns (20.117%))
  Logic Levels:           1  (OBUF=1)
  Clock Uncertainty:      0.025ns  ((TSJ^2 + TIJ^2)^1/2 + DJ) / 2 + PE
    Total System Jitter     (TSJ):    0.050ns
    Total Input Jitter      (TIJ):    0.000ns
    Discrete Jitter          (DJ):    0.000ns
    Phase Error              (PE):    0.000ns

    Location             Delay type                Incr(ns)  Path(ns)    Netlist Resource(s)
  -------------------------------------------------------------------    -------------------
                         (clock clk rise edge)        0.000     0.000 r  
    E3                                                0.000     0.000 r  clk (IN)
                         net (fo=0)                   0.000     0.000    clk
    E3                   IBUF (Prop_ibuf_I_O)         0.250     0.250 r  clk_IBUF_inst/O
                         net (fo=1, routed)           0.644     0.894    clk_IBUF
    BUFGCTRL_X0Y16       BUFG (Prop_bufg_I_O)         0.026     0.920 r  clk_IBUF_BUFG_inst/O
                         net (fo=79, routed)          0.599     1.518    convert_scancode_inst/CLK
    SLICE_X88Y80         FDRE                                         r  convert_scancode_inst/scan_code_reg_reg[5]_lopt_replica/C
  -------------------------------------------------------------------    -------------------
    SLICE_X88Y80         FDRE (Prop_fdre_C_Q)         0.164     1.682 r  convert_scancode_inst/scan_code_reg_reg[5]_lopt_replica/Q
                         net (fo=1, routed)           0.357     2.039    lopt_5
    T4                   OBUF (Prop_obuf_I_O)         1.252     3.291 r  sc_OBUF[5]_inst/O
                         net (fo=0)                   0.000     3.291    sc[5]
    T4                                                                r  sc[5] (OUT)
  -------------------------------------------------------------------    -------------------

Slack:                    inf
  Source:                 convert_scancode_inst/scan_code_reg_reg[4]_lopt_replica/C
                            (rising edge-triggered cell FDRE clocked by clk  {rise@0.000ns fall@5.000ns period=10.000ns})
  Destination:            sc[4]
                            (output port)
  Path Group:             (none)
  Path Type:              Min at Fast Process Corner
  Data Path Delay:        1.799ns  (logic 1.398ns (77.703%)  route 0.401ns (22.297%))
  Logic Levels:           1  (OBUF=1)
  Clock Uncertainty:      0.025ns  ((TSJ^2 + TIJ^2)^1/2 + DJ) / 2 + PE
    Total System Jitter     (TSJ):    0.050ns
    Total Input Jitter      (TIJ):    0.000ns
    Discrete Jitter          (DJ):    0.000ns
    Phase Error              (PE):    0.000ns

    Location             Delay type                Incr(ns)  Path(ns)    Netlist Resource(s)
  -------------------------------------------------------------------    -------------------
                         (clock clk rise edge)        0.000     0.000 r  
    E3                                                0.000     0.000 r  clk (IN)
                         net (fo=0)                   0.000     0.000    clk
    E3                   IBUF (Prop_ibuf_I_O)         0.250     0.250 r  clk_IBUF_inst/O
                         net (fo=1, routed)           0.644     0.894    clk_IBUF
    BUFGCTRL_X0Y16       BUFG (Prop_bufg_I_O)         0.026     0.920 r  clk_IBUF_BUFG_inst/O
                         net (fo=79, routed)          0.598     1.517    convert_scancode_inst/CLK
    SLICE_X86Y79         FDRE                                         r  convert_scancode_inst/scan_code_reg_reg[4]_lopt_replica/C
  -------------------------------------------------------------------    -------------------
    SLICE_X86Y79         FDRE (Prop_fdre_C_Q)         0.141     1.658 r  convert_scancode_inst/scan_code_reg_reg[4]_lopt_replica/Q
                         net (fo=1, routed)           0.401     2.060    lopt_4
    T5                   OBUF (Prop_obuf_I_O)         1.257     3.317 r  sc_OBUF[4]_inst/O
                         net (fo=0)                   0.000     3.317    sc[4]
    T5                                                                r  sc[4] (OUT)
  -------------------------------------------------------------------    -------------------

Slack:                    inf
  Source:                 convert_scancode_inst/scan_code_reg_reg[1]_lopt_replica/C
                            (rising edge-triggered cell FDRE clocked by clk  {rise@0.000ns fall@5.000ns period=10.000ns})
  Destination:            sc[1]
                            (output port)
  Path Group:             (none)
  Path Type:              Min at Fast Process Corner
  Data Path Delay:        2.103ns  (logic 1.409ns (66.977%)  route 0.695ns (33.023%))
  Logic Levels:           1  (OBUF=1)
  Clock Uncertainty:      0.025ns  ((TSJ^2 + TIJ^2)^1/2 + DJ) / 2 + PE
    Total System Jitter     (TSJ):    0.050ns
    Total Input Jitter      (TIJ):    0.000ns
    Discrete Jitter          (DJ):    0.000ns
    Phase Error              (PE):    0.000ns

    Location             Delay type                Incr(ns)  Path(ns)    Netlist Resource(s)
  -------------------------------------------------------------------    -------------------
                         (clock clk rise edge)        0.000     0.000 r  
    E3                                                0.000     0.000 r  clk (IN)
                         net (fo=0)                   0.000     0.000    clk
    E3                   IBUF (Prop_ibuf_I_O)         0.250     0.250 r  clk_IBUF_inst/O
                         net (fo=1, routed)           0.644     0.894    clk_IBUF
    BUFGCTRL_X0Y16       BUFG (Prop_bufg_I_O)         0.026     0.920 r  clk_IBUF_BUFG_inst/O
                         net (fo=79, routed)          0.599     1.518    convert_scancode_inst/CLK
    SLICE_X89Y80         FDRE                                         r  convert_scancode_inst/scan_code_reg_reg[1]_lopt_replica/C
  -------------------------------------------------------------------    -------------------
    SLICE_X89Y80         FDRE (Prop_fdre_C_Q)         0.141     1.659 r  convert_scancode_inst/scan_code_reg_reg[1]_lopt_replica/Q
                         net (fo=1, routed)           0.695     2.354    lopt_1
    V9                   OBUF (Prop_obuf_I_O)         1.268     3.622 r  sc_OBUF[1]_inst/O
                         net (fo=0)                   0.000     3.622    sc[1]
    V9                                                                r  sc[1] (OUT)
  -------------------------------------------------------------------    -------------------

Slack:                    inf
  Source:                 convert_scancode_inst/scan_code_reg_reg[6]_lopt_replica/C
                            (rising edge-triggered cell FDRE clocked by clk  {rise@0.000ns fall@5.000ns period=10.000ns})
  Destination:            sc[6]
                            (output port)
  Path Group:             (none)
  Path Type:              Min at Fast Process Corner
  Data Path Delay:        2.119ns  (logic 1.423ns (67.179%)  route 0.695ns (32.821%))
  Logic Levels:           1  (OBUF=1)
  Clock Uncertainty:      0.025ns  ((TSJ^2 + TIJ^2)^1/2 + DJ) / 2 + PE
    Total System Jitter     (TSJ):    0.050ns
    Total Input Jitter      (TIJ):    0.000ns
    Discrete Jitter          (DJ):    0.000ns
    Phase Error              (PE):    0.000ns

    Location             Delay type                Incr(ns)  Path(ns)    Netlist Resource(s)
  -------------------------------------------------------------------    -------------------
                         (clock clk rise edge)        0.000     0.000 r  
    E3                                                0.000     0.000 r  clk (IN)
                         net (fo=0)                   0.000     0.000    clk
    E3                   IBUF (Prop_ibuf_I_O)         0.250     0.250 r  clk_IBUF_inst/O
                         net (fo=1, routed)           0.644     0.894    clk_IBUF
    BUFGCTRL_X0Y16       BUFG (Prop_bufg_I_O)         0.026     0.920 r  clk_IBUF_BUFG_inst/O
                         net (fo=79, routed)          0.598     1.517    convert_scancode_inst/CLK
    SLICE_X88Y79         FDRE                                         r  convert_scancode_inst/scan_code_reg_reg[6]_lopt_replica/C
  -------------------------------------------------------------------    -------------------
    SLICE_X88Y79         FDRE (Prop_fdre_C_Q)         0.164     1.681 r  convert_scancode_inst/scan_code_reg_reg[6]_lopt_replica/Q
                         net (fo=1, routed)           0.695     2.377    lopt_6
    U7                   OBUF (Prop_obuf_I_O)         1.259     3.636 r  sc_OBUF[6]_inst/O
                         net (fo=0)                   0.000     3.636    sc[6]
    U7                                                                r  sc[6] (OUT)
  -------------------------------------------------------------------    -------------------

Slack:                    inf
  Source:                 convert_scancode_inst/scan_code_reg_reg[0]_lopt_replica/C
                            (rising edge-triggered cell FDRE clocked by clk  {rise@0.000ns fall@5.000ns period=10.000ns})
  Destination:            sc[0]
                            (output port)
  Path Group:             (none)
  Path Type:              Min at Fast Process Corner
  Data Path Delay:        2.119ns  (logic 1.394ns (65.765%)  route 0.725ns (34.235%))
  Logic Levels:           1  (OBUF=1)
  Clock Uncertainty:      0.025ns  ((TSJ^2 + TIJ^2)^1/2 + DJ) / 2 + PE
    Total System Jitter     (TSJ):    0.050ns
    Total Input Jitter      (TIJ):    0.000ns
    Discrete Jitter          (DJ):    0.000ns
    Phase Error              (PE):    0.000ns

    Location             Delay type                Incr(ns)  Path(ns)    Netlist Resource(s)
  -------------------------------------------------------------------    -------------------
                         (clock clk rise edge)        0.000     0.000 r  
    E3                                                0.000     0.000 r  clk (IN)
                         net (fo=0)                   0.000     0.000    clk
    E3                   IBUF (Prop_ibuf_I_O)         0.250     0.250 r  clk_IBUF_inst/O
                         net (fo=1, routed)           0.644     0.894    clk_IBUF
    BUFGCTRL_X0Y16       BUFG (Prop_bufg_I_O)         0.026     0.920 r  clk_IBUF_BUFG_inst/O
                         net (fo=79, routed)          0.598     1.517    convert_scancode_inst/CLK
    SLICE_X86Y79         FDRE                                         r  convert_scancode_inst/scan_code_reg_reg[0]_lopt_replica/C
  -------------------------------------------------------------------    -------------------
    SLICE_X86Y79         FDRE (Prop_fdre_C_Q)         0.141     1.658 r  convert_scancode_inst/scan_code_reg_reg[0]_lopt_replica/Q
                         net (fo=1, routed)           0.725     2.384    lopt
    T8                   OBUF (Prop_obuf_I_O)         1.253     3.636 r  sc_OBUF[0]_inst/O
                         net (fo=0)                   0.000     3.636    sc[0]
    T8                                                                r  sc[0] (OUT)
  -------------------------------------------------------------------    -------------------

Slack:                    inf
  Source:                 convert_scancode_inst/scan_code_reg_reg[2]_lopt_replica/C
                            (rising edge-triggered cell FDRE clocked by clk  {rise@0.000ns fall@5.000ns period=10.000ns})
  Destination:            sc[2]
                            (output port)
  Path Group:             (none)
  Path Type:              Min at Fast Process Corner
  Data Path Delay:        2.136ns  (logic 1.408ns (65.942%)  route 0.727ns (34.058%))
  Logic Levels:           1  (OBUF=1)
  Clock Uncertainty:      0.025ns  ((TSJ^2 + TIJ^2)^1/2 + DJ) / 2 + PE
    Total System Jitter     (TSJ):    0.050ns
    Total Input Jitter      (TIJ):    0.000ns
    Discrete Jitter          (DJ):    0.000ns
    Phase Error              (PE):    0.000ns

    Location             Delay type                Incr(ns)  Path(ns)    Netlist Resource(s)
  -------------------------------------------------------------------    -------------------
                         (clock clk rise edge)        0.000     0.000 r  
    E3                                                0.000     0.000 r  clk (IN)
                         net (fo=0)                   0.000     0.000    clk
    E3                   IBUF (Prop_ibuf_I_O)         0.250     0.250 r  clk_IBUF_inst/O
                         net (fo=1, routed)           0.644     0.894    clk_IBUF
    BUFGCTRL_X0Y16       BUFG (Prop_bufg_I_O)         0.026     0.920 r  clk_IBUF_BUFG_inst/O
                         net (fo=79, routed)          0.599     1.518    convert_scancode_inst/CLK
    SLICE_X88Y80         FDRE                                         r  convert_scancode_inst/scan_code_reg_reg[2]_lopt_replica/C
  -------------------------------------------------------------------    -------------------
    SLICE_X88Y80         FDRE (Prop_fdre_C_Q)         0.164     1.682 r  convert_scancode_inst/scan_code_reg_reg[2]_lopt_replica/Q
                         net (fo=1, routed)           0.727     2.410    lopt_2
    R8                   OBUF (Prop_obuf_I_O)         1.244     3.654 r  sc_OBUF[2]_inst/O
                         net (fo=0)                   0.000     3.654    sc[2]
    R8                                                                r  sc[2] (OUT)
  -------------------------------------------------------------------    -------------------

Slack:                    inf
  Source:                 convert_scancode_inst/scan_code_reg_reg[3]_lopt_replica/C
                            (rising edge-triggered cell FDRE clocked by clk  {rise@0.000ns fall@5.000ns period=10.000ns})
  Destination:            sc[3]
                            (output port)
  Path Group:             (none)
  Path Type:              Min at Fast Process Corner
  Data Path Delay:        2.146ns  (logic 1.397ns (65.091%)  route 0.749ns (34.909%))
  Logic Levels:           1  (OBUF=1)
  Clock Uncertainty:      0.025ns  ((TSJ^2 + TIJ^2)^1/2 + DJ) / 2 + PE
    Total System Jitter     (TSJ):    0.050ns
    Total Input Jitter      (TIJ):    0.000ns
    Discrete Jitter          (DJ):    0.000ns
    Phase Error              (PE):    0.000ns

    Location             Delay type                Incr(ns)  Path(ns)    Netlist Resource(s)
  -------------------------------------------------------------------    -------------------
                         (clock clk rise edge)        0.000     0.000 r  
    E3                                                0.000     0.000 r  clk (IN)
                         net (fo=0)                   0.000     0.000    clk
    E3                   IBUF (Prop_ibuf_I_O)         0.250     0.250 r  clk_IBUF_inst/O
                         net (fo=1, routed)           0.644     0.894    clk_IBUF
    BUFGCTRL_X0Y16       BUFG (Prop_bufg_I_O)         0.026     0.920 r  clk_IBUF_BUFG_inst/O
                         net (fo=79, routed)          0.598     1.517    convert_scancode_inst/CLK
    SLICE_X86Y79         FDRE                                         r  convert_scancode_inst/scan_code_reg_reg[3]_lopt_replica/C
  -------------------------------------------------------------------    -------------------
    SLICE_X86Y79         FDRE (Prop_fdre_C_Q)         0.141     1.658 r  convert_scancode_inst/scan_code_reg_reg[3]_lopt_replica/Q
                         net (fo=1, routed)           0.749     2.407    lopt_3
    T6                   OBUF (Prop_obuf_I_O)         1.256     3.663 r  sc_OBUF[3]_inst/O
                         net (fo=0)                   0.000     3.663    sc[3]
    T6                                                                r  sc[3] (OUT)
  -------------------------------------------------------------------    -------------------

Slack:                    inf
  Source:                 keyboard_ctrl_inst/num_cycles_reg[1]/C
                            (rising edge-triggered cell FDRE clocked by clk  {rise@0.000ns fall@5.000ns period=10.000ns})
  Destination:            seg_en[2]
                            (output port)
  Path Group:             (none)
  Path Type:              Min at Fast Process Corner
  Data Path Delay:        2.193ns  (logic 1.455ns (66.332%)  route 0.738ns (33.668%))
  Logic Levels:           2  (LUT2=1 OBUF=1)
  Clock Uncertainty:      0.025ns  ((TSJ^2 + TIJ^2)^1/2 + DJ) / 2 + PE
    Total System Jitter     (TSJ):    0.050ns
    Total Input Jitter      (TIJ):    0.000ns
    Discrete Jitter          (DJ):    0.000ns
    Phase Error              (PE):    0.000ns

    Location             Delay type                Incr(ns)  Path(ns)    Netlist Resource(s)
  -------------------------------------------------------------------    -------------------
                         (clock clk rise edge)        0.000     0.000 r  
    E3                                                0.000     0.000 r  clk (IN)
                         net (fo=0)                   0.000     0.000    clk
    E3                   IBUF (Prop_ibuf_I_O)         0.250     0.250 r  clk_IBUF_inst/O
                         net (fo=1, routed)           0.644     0.894    clk_IBUF
    BUFGCTRL_X0Y16       BUFG (Prop_bufg_I_O)         0.026     0.920 r  clk_IBUF_BUFG_inst/O
                         net (fo=79, routed)          0.599     1.518    keyboard_ctrl_inst/CLK
    SLICE_X83Y81         FDRE                                         r  keyboard_ctrl_inst/num_cycles_reg[1]/C
  -------------------------------------------------------------------    -------------------
    SLICE_X83Y81         FDRE (Prop_fdre_C_Q)         0.128     1.646 f  keyboard_ctrl_inst/num_cycles_reg[1]/Q
                         net (fo=13, routed)          0.288     1.935    keyboard_ctrl_inst/num_cycles[1]
    SLICE_X87Y82         LUT2 (Prop_lut2_I1_O)        0.099     2.034 r  keyboard_ctrl_inst/seg_en_OBUF[2]_inst_i_1/O
                         net (fo=1, routed)           0.450     2.484    seg_en_OBUF[2]
    M3                   OBUF (Prop_obuf_I_O)         1.228     3.712 r  seg_en_OBUF[2]_inst/O
                         net (fo=0)                   0.000     3.712    seg_en[2]
    M3                                                                r  seg_en[2] (OUT)
  -------------------------------------------------------------------    -------------------

Slack:                    inf
  Source:                 keyboard_ctrl_inst/digits_reg[0][7]/C
                            (rising edge-triggered cell FDRE clocked by clk  {rise@0.000ns fall@5.000ns period=10.000ns})
  Destination:            num[2]
                            (output port)
  Path Group:             (none)
  Path Type:              Min at Fast Process Corner
  Data Path Delay:        2.200ns  (logic 1.442ns (65.549%)  route 0.758ns (34.451%))
  Logic Levels:           3  (LUT6=2 OBUF=1)
  Clock Uncertainty:      0.025ns  ((TSJ^2 + TIJ^2)^1/2 + DJ) / 2 + PE
    Total System Jitter     (TSJ):    0.050ns
    Total Input Jitter      (TIJ):    0.000ns
    Discrete Jitter          (DJ):    0.000ns
    Phase Error              (PE):    0.000ns

    Location             Delay type                Incr(ns)  Path(ns)    Netlist Resource(s)
  -------------------------------------------------------------------    -------------------
                         (clock clk rise edge)        0.000     0.000 r  
    E3                                                0.000     0.000 r  clk (IN)
                         net (fo=0)                   0.000     0.000    clk
    E3                   IBUF (Prop_ibuf_I_O)         0.250     0.250 r  clk_IBUF_inst/O
                         net (fo=1, routed)           0.644     0.894    clk_IBUF
    BUFGCTRL_X0Y16       BUFG (Prop_bufg_I_O)         0.026     0.920 r  clk_IBUF_BUFG_inst/O
                         net (fo=79, routed)          0.600     1.519    keyboard_ctrl_inst/CLK
    SLICE_X87Y81         FDRE                                         r  keyboard_ctrl_inst/digits_reg[0][7]/C
  -------------------------------------------------------------------    -------------------
    SLICE_X87Y81         FDRE (Prop_fdre_C_Q)         0.141     1.660 r  keyboard_ctrl_inst/digits_reg[0][7]/Q
                         net (fo=2, routed)           0.170     1.831    keyboard_ctrl_inst/digits_reg[0][7]
    SLICE_X87Y81         LUT6 (Prop_lut6_I1_O)        0.045     1.876 r  keyboard_ctrl_inst/num_OBUF[6]_inst_i_2/O
                         net (fo=10, routed)          0.243     2.119    keyboard_ctrl_inst/code_to_display[7]
    SLICE_X86Y84         LUT6 (Prop_lut6_I0_O)        0.045     2.164 r  keyboard_ctrl_inst/num_OBUF[2]_inst_i_1/O
                         net (fo=1, routed)           0.345     2.508    num_OBUF[2]
    L5                   OBUF (Prop_obuf_I_O)         1.211     3.720 r  num_OBUF[2]_inst/O
                         net (fo=0)                   0.000     3.720    num[2]
    L5                                                                r  num[2] (OUT)
  -------------------------------------------------------------------    -------------------

Slack:                    inf
  Source:                 convert_scancode_inst/scan_code_reg_reg[7]_lopt_replica/C
                            (rising edge-triggered cell FDRE clocked by clk  {rise@0.000ns fall@5.000ns period=10.000ns})
  Destination:            sc[7]
                            (output port)
  Path Group:             (none)
  Path Type:              Min at Fast Process Corner
  Data Path Delay:        2.222ns  (logic 1.427ns (64.204%)  route 0.795ns (35.796%))
  Logic Levels:           1  (OBUF=1)
  Clock Uncertainty:      0.025ns  ((TSJ^2 + TIJ^2)^1/2 + DJ) / 2 + PE
    Total System Jitter     (TSJ):    0.050ns
    Total Input Jitter      (TIJ):    0.000ns
    Discrete Jitter          (DJ):    0.000ns
    Phase Error              (PE):    0.000ns

    Location             Delay type                Incr(ns)  Path(ns)    Netlist Resource(s)
  -------------------------------------------------------------------    -------------------
                         (clock clk rise edge)        0.000     0.000 r  
    E3                                                0.000     0.000 r  clk (IN)
                         net (fo=0)                   0.000     0.000    clk
    E3                   IBUF (Prop_ibuf_I_O)         0.250     0.250 r  clk_IBUF_inst/O
                         net (fo=1, routed)           0.644     0.894    clk_IBUF
    BUFGCTRL_X0Y16       BUFG (Prop_bufg_I_O)         0.026     0.920 r  clk_IBUF_BUFG_inst/O
                         net (fo=79, routed)          0.599     1.518    convert_scancode_inst/CLK
    SLICE_X88Y80         FDRE                                         r  convert_scancode_inst/scan_code_reg_reg[7]_lopt_replica/C
  -------------------------------------------------------------------    -------------------
    SLICE_X88Y80         FDRE (Prop_fdre_C_Q)         0.164     1.682 r  convert_scancode_inst/scan_code_reg_reg[7]_lopt_replica/Q
                         net (fo=1, routed)           0.795     2.478    lopt_7
    U6                   OBUF (Prop_obuf_I_O)         1.263     3.741 r  sc_OBUF[7]_inst/O
                         net (fo=0)                   0.000     3.741    sc[7]
    U6                                                                r  sc[7] (OUT)
  -------------------------------------------------------------------    -------------------





--------------------------------------------------------------------------------------
Path Group:  (none)
From Clock:  
  To Clock:  clk

Max Delay            77 Endpoints
Min Delay            77 Endpoints
--------------------------------------------------------------------------------------


Max Delay Paths
--------------------------------------------------------------------------------------
Slack:                    inf
  Source:                 rst
                            (input port)
  Destination:            keyboard_ctrl_inst/cycle_counter_reg[4]/R
                            (rising edge-triggered cell FDRE clocked by clk  {rise@0.000ns fall@5.000ns period=10.000ns})
  Path Group:             (none)
  Path Type:              Setup (Max at Slow Process Corner)
  Data Path Delay:        4.774ns  (logic 1.637ns (34.299%)  route 3.137ns (65.701%))
  Logic Levels:           2  (IBUF=1 LUT4=1)
  Clock Path Skew:        5.023ns (DCD - SCD + CPR)
    Destination Clock Delay (DCD):    5.023ns
    Source Clock Delay      (SCD):    0.000ns
    Clock Pessimism Removal (CPR):    0.000ns
  Clock Uncertainty:      0.025ns  ((TSJ^2 + TIJ^2)^1/2 + DJ) / 2 + PE
    Total System Jitter     (TSJ):    0.050ns
    Total Input Jitter      (TIJ):    0.000ns
    Discrete Jitter          (DJ):    0.000ns
    Phase Error              (PE):    0.000ns

    Location             Delay type                Incr(ns)  Path(ns)    Netlist Resource(s)
  -------------------------------------------------------------------    -------------------
    U9                                                0.000     0.000 r  rst (IN)
                         net (fo=0)                   0.000     0.000    rst
    U9                   IBUF (Prop_ibuf_I_O)         1.513     1.513 r  rst_IBUF_inst/O
                         net (fo=68, routed)          2.522     4.035    keyboard_ctrl_inst/rst_IBUF
    SLICE_X83Y81         LUT4 (Prop_lut4_I3_O)        0.124     4.159 r  keyboard_ctrl_inst/cycle_counter[0]_i_1/O
                         net (fo=8, routed)           0.615     4.774    keyboard_ctrl_inst/cycle_counter[0]_i_1_n_0
    SLICE_X82Y81         FDRE                                         r  keyboard_ctrl_inst/cycle_counter_reg[4]/R
  -------------------------------------------------------------------    -------------------

                         (clock clk rise edge)        0.000     0.000 r  
    E3                                                0.000     0.000 r  clk (IN)
                         net (fo=0)                   0.000     0.000    clk
    E3                   IBUF (Prop_ibuf_I_O)         1.411     1.411 r  clk_IBUF_inst/O
                         net (fo=1, routed)           1.920     3.331    clk_IBUF
    BUFGCTRL_X0Y16       BUFG (Prop_bufg_I_O)         0.091     3.422 r  clk_IBUF_BUFG_inst/O
                         net (fo=79, routed)          1.600     5.023    keyboard_ctrl_inst/CLK
    SLICE_X82Y81         FDRE                                         r  keyboard_ctrl_inst/cycle_counter_reg[4]/C

Slack:                    inf
  Source:                 rst
                            (input port)
  Destination:            keyboard_ctrl_inst/cycle_counter_reg[5]/R
                            (rising edge-triggered cell FDRE clocked by clk  {rise@0.000ns fall@5.000ns period=10.000ns})
  Path Group:             (none)
  Path Type:              Setup (Max at Slow Process Corner)
  Data Path Delay:        4.774ns  (logic 1.637ns (34.299%)  route 3.137ns (65.701%))
  Logic Levels:           2  (IBUF=1 LUT4=1)
  Clock Path Skew:        5.023ns (DCD - SCD + CPR)
    Destination Clock Delay (DCD):    5.023ns
    Source Clock Delay      (SCD):    0.000ns
    Clock Pessimism Removal (CPR):    0.000ns
  Clock Uncertainty:      0.025ns  ((TSJ^2 + TIJ^2)^1/2 + DJ) / 2 + PE
    Total System Jitter     (TSJ):    0.050ns
    Total Input Jitter      (TIJ):    0.000ns
    Discrete Jitter          (DJ):    0.000ns
    Phase Error              (PE):    0.000ns

    Location             Delay type                Incr(ns)  Path(ns)    Netlist Resource(s)
  -------------------------------------------------------------------    -------------------
    U9                                                0.000     0.000 r  rst (IN)
                         net (fo=0)                   0.000     0.000    rst
    U9                   IBUF (Prop_ibuf_I_O)         1.513     1.513 r  rst_IBUF_inst/O
                         net (fo=68, routed)          2.522     4.035    keyboard_ctrl_inst/rst_IBUF
    SLICE_X83Y81         LUT4 (Prop_lut4_I3_O)        0.124     4.159 r  keyboard_ctrl_inst/cycle_counter[0]_i_1/O
                         net (fo=8, routed)           0.615     4.774    keyboard_ctrl_inst/cycle_counter[0]_i_1_n_0
    SLICE_X82Y81         FDRE                                         r  keyboard_ctrl_inst/cycle_counter_reg[5]/R
  -------------------------------------------------------------------    -------------------

                         (clock clk rise edge)        0.000     0.000 r  
    E3                                                0.000     0.000 r  clk (IN)
                         net (fo=0)                   0.000     0.000    clk
    E3                   IBUF (Prop_ibuf_I_O)         1.411     1.411 r  clk_IBUF_inst/O
                         net (fo=1, routed)           1.920     3.331    clk_IBUF
    BUFGCTRL_X0Y16       BUFG (Prop_bufg_I_O)         0.091     3.422 r  clk_IBUF_BUFG_inst/O
                         net (fo=79, routed)          1.600     5.023    keyboard_ctrl_inst/CLK
    SLICE_X82Y81         FDRE                                         r  keyboard_ctrl_inst/cycle_counter_reg[5]/C

Slack:                    inf
  Source:                 rst
                            (input port)
  Destination:            keyboard_ctrl_inst/cycle_counter_reg[6]/R
                            (rising edge-triggered cell FDRE clocked by clk  {rise@0.000ns fall@5.000ns period=10.000ns})
  Path Group:             (none)
  Path Type:              Setup (Max at Slow Process Corner)
  Data Path Delay:        4.774ns  (logic 1.637ns (34.299%)  route 3.137ns (65.701%))
  Logic Levels:           2  (IBUF=1 LUT4=1)
  Clock Path Skew:        5.023ns (DCD - SCD + CPR)
    Destination Clock Delay (DCD):    5.023ns
    Source Clock Delay      (SCD):    0.000ns
    Clock Pessimism Removal (CPR):    0.000ns
  Clock Uncertainty:      0.025ns  ((TSJ^2 + TIJ^2)^1/2 + DJ) / 2 + PE
    Total System Jitter     (TSJ):    0.050ns
    Total Input Jitter      (TIJ):    0.000ns
    Discrete Jitter          (DJ):    0.000ns
    Phase Error              (PE):    0.000ns

    Location             Delay type                Incr(ns)  Path(ns)    Netlist Resource(s)
  -------------------------------------------------------------------    -------------------
    U9                                                0.000     0.000 r  rst (IN)
                         net (fo=0)                   0.000     0.000    rst
    U9                   IBUF (Prop_ibuf_I_O)         1.513     1.513 r  rst_IBUF_inst/O
                         net (fo=68, routed)          2.522     4.035    keyboard_ctrl_inst/rst_IBUF
    SLICE_X83Y81         LUT4 (Prop_lut4_I3_O)        0.124     4.159 r  keyboard_ctrl_inst/cycle_counter[0]_i_1/O
                         net (fo=8, routed)           0.615     4.774    keyboard_ctrl_inst/cycle_counter[0]_i_1_n_0
    SLICE_X82Y81         FDRE                                         r  keyboard_ctrl_inst/cycle_counter_reg[6]/R
  -------------------------------------------------------------------    -------------------

                         (clock clk rise edge)        0.000     0.000 r  
    E3                                                0.000     0.000 r  clk (IN)
                         net (fo=0)                   0.000     0.000    clk
    E3                   IBUF (Prop_ibuf_I_O)         1.411     1.411 r  clk_IBUF_inst/O
                         net (fo=1, routed)           1.920     3.331    clk_IBUF
    BUFGCTRL_X0Y16       BUFG (Prop_bufg_I_O)         0.091     3.422 r  clk_IBUF_BUFG_inst/O
                         net (fo=79, routed)          1.600     5.023    keyboard_ctrl_inst/CLK
    SLICE_X82Y81         FDRE                                         r  keyboard_ctrl_inst/cycle_counter_reg[6]/C

Slack:                    inf
  Source:                 rst
                            (input port)
  Destination:            keyboard_ctrl_inst/cycle_counter_reg[7]/R
                            (rising edge-triggered cell FDRE clocked by clk  {rise@0.000ns fall@5.000ns period=10.000ns})
  Path Group:             (none)
  Path Type:              Setup (Max at Slow Process Corner)
  Data Path Delay:        4.774ns  (logic 1.637ns (34.299%)  route 3.137ns (65.701%))
  Logic Levels:           2  (IBUF=1 LUT4=1)
  Clock Path Skew:        5.023ns (DCD - SCD + CPR)
    Destination Clock Delay (DCD):    5.023ns
    Source Clock Delay      (SCD):    0.000ns
    Clock Pessimism Removal (CPR):    0.000ns
  Clock Uncertainty:      0.025ns  ((TSJ^2 + TIJ^2)^1/2 + DJ) / 2 + PE
    Total System Jitter     (TSJ):    0.050ns
    Total Input Jitter      (TIJ):    0.000ns
    Discrete Jitter          (DJ):    0.000ns
    Phase Error              (PE):    0.000ns

    Location             Delay type                Incr(ns)  Path(ns)    Netlist Resource(s)
  -------------------------------------------------------------------    -------------------
    U9                                                0.000     0.000 r  rst (IN)
                         net (fo=0)                   0.000     0.000    rst
    U9                   IBUF (Prop_ibuf_I_O)         1.513     1.513 r  rst_IBUF_inst/O
                         net (fo=68, routed)          2.522     4.035    keyboard_ctrl_inst/rst_IBUF
    SLICE_X83Y81         LUT4 (Prop_lut4_I3_O)        0.124     4.159 r  keyboard_ctrl_inst/cycle_counter[0]_i_1/O
                         net (fo=8, routed)           0.615     4.774    keyboard_ctrl_inst/cycle_counter[0]_i_1_n_0
    SLICE_X82Y81         FDRE                                         r  keyboard_ctrl_inst/cycle_counter_reg[7]/R
  -------------------------------------------------------------------    -------------------

                         (clock clk rise edge)        0.000     0.000 r  
    E3                                                0.000     0.000 r  clk (IN)
                         net (fo=0)                   0.000     0.000    clk
    E3                   IBUF (Prop_ibuf_I_O)         1.411     1.411 r  clk_IBUF_inst/O
                         net (fo=1, routed)           1.920     3.331    clk_IBUF
    BUFGCTRL_X0Y16       BUFG (Prop_bufg_I_O)         0.091     3.422 r  clk_IBUF_BUFG_inst/O
                         net (fo=79, routed)          1.600     5.023    keyboard_ctrl_inst/CLK
    SLICE_X82Y81         FDRE                                         r  keyboard_ctrl_inst/cycle_counter_reg[7]/C

Slack:                    inf
  Source:                 rst
                            (input port)
  Destination:            keyboard_ctrl_inst/cycle_counter_reg[0]/R
                            (rising edge-triggered cell FDRE clocked by clk  {rise@0.000ns fall@5.000ns period=10.000ns})
  Path Group:             (none)
  Path Type:              Setup (Max at Slow Process Corner)
  Data Path Delay:        4.512ns  (logic 1.637ns (36.293%)  route 2.874ns (63.707%))
  Logic Levels:           2  (IBUF=1 LUT4=1)
  Clock Path Skew:        5.022ns (DCD - SCD + CPR)
    Destination Clock Delay (DCD):    5.022ns
    Source Clock Delay      (SCD):    0.000ns
    Clock Pessimism Removal (CPR):    0.000ns
  Clock Uncertainty:      0.025ns  ((TSJ^2 + TIJ^2)^1/2 + DJ) / 2 + PE
    Total System Jitter     (TSJ):    0.050ns
    Total Input Jitter      (TIJ):    0.000ns
    Discrete Jitter          (DJ):    0.000ns
    Phase Error              (PE):    0.000ns

    Location             Delay type                Incr(ns)  Path(ns)    Netlist Resource(s)
  -------------------------------------------------------------------    -------------------
    U9                                                0.000     0.000 r  rst (IN)
                         net (fo=0)                   0.000     0.000    rst
    U9                   IBUF (Prop_ibuf_I_O)         1.513     1.513 r  rst_IBUF_inst/O
                         net (fo=68, routed)          2.522     4.035    keyboard_ctrl_inst/rst_IBUF
    SLICE_X83Y81         LUT4 (Prop_lut4_I3_O)        0.124     4.159 r  keyboard_ctrl_inst/cycle_counter[0]_i_1/O
                         net (fo=8, routed)           0.353     4.512    keyboard_ctrl_inst/cycle_counter[0]_i_1_n_0
    SLICE_X82Y80         FDRE                                         r  keyboard_ctrl_inst/cycle_counter_reg[0]/R
  -------------------------------------------------------------------    -------------------

                         (clock clk rise edge)        0.000     0.000 r  
    E3                                                0.000     0.000 r  clk (IN)
                         net (fo=0)                   0.000     0.000    clk
    E3                   IBUF (Prop_ibuf_I_O)         1.411     1.411 r  clk_IBUF_inst/O
                         net (fo=1, routed)           1.920     3.331    clk_IBUF
    BUFGCTRL_X0Y16       BUFG (Prop_bufg_I_O)         0.091     3.422 r  clk_IBUF_BUFG_inst/O
                         net (fo=79, routed)          1.599     5.022    keyboard_ctrl_inst/CLK
    SLICE_X82Y80         FDRE                                         r  keyboard_ctrl_inst/cycle_counter_reg[0]/C

Slack:                    inf
  Source:                 rst
                            (input port)
  Destination:            keyboard_ctrl_inst/cycle_counter_reg[1]/R
                            (rising edge-triggered cell FDRE clocked by clk  {rise@0.000ns fall@5.000ns period=10.000ns})
  Path Group:             (none)
  Path Type:              Setup (Max at Slow Process Corner)
  Data Path Delay:        4.512ns  (logic 1.637ns (36.293%)  route 2.874ns (63.707%))
  Logic Levels:           2  (IBUF=1 LUT4=1)
  Clock Path Skew:        5.022ns (DCD - SCD + CPR)
    Destination Clock Delay (DCD):    5.022ns
    Source Clock Delay      (SCD):    0.000ns
    Clock Pessimism Removal (CPR):    0.000ns
  Clock Uncertainty:      0.025ns  ((TSJ^2 + TIJ^2)^1/2 + DJ) / 2 + PE
    Total System Jitter     (TSJ):    0.050ns
    Total Input Jitter      (TIJ):    0.000ns
    Discrete Jitter          (DJ):    0.000ns
    Phase Error              (PE):    0.000ns

    Location             Delay type                Incr(ns)  Path(ns)    Netlist Resource(s)
  -------------------------------------------------------------------    -------------------
    U9                                                0.000     0.000 r  rst (IN)
                         net (fo=0)                   0.000     0.000    rst
    U9                   IBUF (Prop_ibuf_I_O)         1.513     1.513 r  rst_IBUF_inst/O
                         net (fo=68, routed)          2.522     4.035    keyboard_ctrl_inst/rst_IBUF
    SLICE_X83Y81         LUT4 (Prop_lut4_I3_O)        0.124     4.159 r  keyboard_ctrl_inst/cycle_counter[0]_i_1/O
                         net (fo=8, routed)           0.353     4.512    keyboard_ctrl_inst/cycle_counter[0]_i_1_n_0
    SLICE_X82Y80         FDRE                                         r  keyboard_ctrl_inst/cycle_counter_reg[1]/R
  -------------------------------------------------------------------    -------------------

                         (clock clk rise edge)        0.000     0.000 r  
    E3                                                0.000     0.000 r  clk (IN)
                         net (fo=0)                   0.000     0.000    clk
    E3                   IBUF (Prop_ibuf_I_O)         1.411     1.411 r  clk_IBUF_inst/O
                         net (fo=1, routed)           1.920     3.331    clk_IBUF
    BUFGCTRL_X0Y16       BUFG (Prop_bufg_I_O)         0.091     3.422 r  clk_IBUF_BUFG_inst/O
                         net (fo=79, routed)          1.599     5.022    keyboard_ctrl_inst/CLK
    SLICE_X82Y80         FDRE                                         r  keyboard_ctrl_inst/cycle_counter_reg[1]/C

Slack:                    inf
  Source:                 rst
                            (input port)
  Destination:            keyboard_ctrl_inst/cycle_counter_reg[2]/R
                            (rising edge-triggered cell FDRE clocked by clk  {rise@0.000ns fall@5.000ns period=10.000ns})
  Path Group:             (none)
  Path Type:              Setup (Max at Slow Process Corner)
  Data Path Delay:        4.512ns  (logic 1.637ns (36.293%)  route 2.874ns (63.707%))
  Logic Levels:           2  (IBUF=1 LUT4=1)
  Clock Path Skew:        5.022ns (DCD - SCD + CPR)
    Destination Clock Delay (DCD):    5.022ns
    Source Clock Delay      (SCD):    0.000ns
    Clock Pessimism Removal (CPR):    0.000ns
  Clock Uncertainty:      0.025ns  ((TSJ^2 + TIJ^2)^1/2 + DJ) / 2 + PE
    Total System Jitter     (TSJ):    0.050ns
    Total Input Jitter      (TIJ):    0.000ns
    Discrete Jitter          (DJ):    0.000ns
    Phase Error              (PE):    0.000ns

    Location             Delay type                Incr(ns)  Path(ns)    Netlist Resource(s)
  -------------------------------------------------------------------    -------------------
    U9                                                0.000     0.000 r  rst (IN)
                         net (fo=0)                   0.000     0.000    rst
    U9                   IBUF (Prop_ibuf_I_O)         1.513     1.513 r  rst_IBUF_inst/O
                         net (fo=68, routed)          2.522     4.035    keyboard_ctrl_inst/rst_IBUF
    SLICE_X83Y81         LUT4 (Prop_lut4_I3_O)        0.124     4.159 r  keyboard_ctrl_inst/cycle_counter[0]_i_1/O
                         net (fo=8, routed)           0.353     4.512    keyboard_ctrl_inst/cycle_counter[0]_i_1_n_0
    SLICE_X82Y80         FDRE                                         r  keyboard_ctrl_inst/cycle_counter_reg[2]/R
  -------------------------------------------------------------------    -------------------

                         (clock clk rise edge)        0.000     0.000 r  
    E3                                                0.000     0.000 r  clk (IN)
                         net (fo=0)                   0.000     0.000    clk
    E3                   IBUF (Prop_ibuf_I_O)         1.411     1.411 r  clk_IBUF_inst/O
                         net (fo=1, routed)           1.920     3.331    clk_IBUF
    BUFGCTRL_X0Y16       BUFG (Prop_bufg_I_O)         0.091     3.422 r  clk_IBUF_BUFG_inst/O
                         net (fo=79, routed)          1.599     5.022    keyboard_ctrl_inst/CLK
    SLICE_X82Y80         FDRE                                         r  keyboard_ctrl_inst/cycle_counter_reg[2]/C

Slack:                    inf
  Source:                 rst
                            (input port)
  Destination:            keyboard_ctrl_inst/cycle_counter_reg[3]/R
                            (rising edge-triggered cell FDRE clocked by clk  {rise@0.000ns fall@5.000ns period=10.000ns})
  Path Group:             (none)
  Path Type:              Setup (Max at Slow Process Corner)
  Data Path Delay:        4.512ns  (logic 1.637ns (36.293%)  route 2.874ns (63.707%))
  Logic Levels:           2  (IBUF=1 LUT4=1)
  Clock Path Skew:        5.022ns (DCD - SCD + CPR)
    Destination Clock Delay (DCD):    5.022ns
    Source Clock Delay      (SCD):    0.000ns
    Clock Pessimism Removal (CPR):    0.000ns
  Clock Uncertainty:      0.025ns  ((TSJ^2 + TIJ^2)^1/2 + DJ) / 2 + PE
    Total System Jitter     (TSJ):    0.050ns
    Total Input Jitter      (TIJ):    0.000ns
    Discrete Jitter          (DJ):    0.000ns
    Phase Error              (PE):    0.000ns

    Location             Delay type                Incr(ns)  Path(ns)    Netlist Resource(s)
  -------------------------------------------------------------------    -------------------
    U9                                                0.000     0.000 r  rst (IN)
                         net (fo=0)                   0.000     0.000    rst
    U9                   IBUF (Prop_ibuf_I_O)         1.513     1.513 r  rst_IBUF_inst/O
                         net (fo=68, routed)          2.522     4.035    keyboard_ctrl_inst/rst_IBUF
    SLICE_X83Y81         LUT4 (Prop_lut4_I3_O)        0.124     4.159 r  keyboard_ctrl_inst/cycle_counter[0]_i_1/O
                         net (fo=8, routed)           0.353     4.512    keyboard_ctrl_inst/cycle_counter[0]_i_1_n_0
    SLICE_X82Y80         FDRE                                         r  keyboard_ctrl_inst/cycle_counter_reg[3]/R
  -------------------------------------------------------------------    -------------------

                         (clock clk rise edge)        0.000     0.000 r  
    E3                                                0.000     0.000 r  clk (IN)
                         net (fo=0)                   0.000     0.000    clk
    E3                   IBUF (Prop_ibuf_I_O)         1.411     1.411 r  clk_IBUF_inst/O
                         net (fo=1, routed)           1.920     3.331    clk_IBUF
    BUFGCTRL_X0Y16       BUFG (Prop_bufg_I_O)         0.091     3.422 r  clk_IBUF_BUFG_inst/O
                         net (fo=79, routed)          1.599     5.022    keyboard_ctrl_inst/CLK
    SLICE_X82Y80         FDRE                                         r  keyboard_ctrl_inst/cycle_counter_reg[3]/C

Slack:                    inf
  Source:                 rst
                            (input port)
  Destination:            keyboard_ctrl_inst/valid_code_count_reg[0]/R
                            (rising edge-triggered cell FDRE clocked by clk  {rise@0.000ns fall@5.000ns period=10.000ns})
  Path Group:             (none)
  Path Type:              Setup (Max at Slow Process Corner)
  Data Path Delay:        4.363ns  (logic 1.513ns (34.685%)  route 2.850ns (65.315%))
  Logic Levels:           1  (IBUF=1)
  Clock Path Skew:        5.026ns (DCD - SCD + CPR)
    Destination Clock Delay (DCD):    5.026ns
    Source Clock Delay      (SCD):    0.000ns
    Clock Pessimism Removal (CPR):    0.000ns
  Clock Uncertainty:      0.025ns  ((TSJ^2 + TIJ^2)^1/2 + DJ) / 2 + PE
    Total System Jitter     (TSJ):    0.050ns
    Total Input Jitter      (TIJ):    0.000ns
    Discrete Jitter          (DJ):    0.000ns
    Phase Error              (PE):    0.000ns

    Location             Delay type                Incr(ns)  Path(ns)    Netlist Resource(s)
  -------------------------------------------------------------------    -------------------
    U9                                                0.000     0.000 r  rst (IN)
                         net (fo=0)                   0.000     0.000    rst
    U9                   IBUF (Prop_ibuf_I_O)         1.513     1.513 r  rst_IBUF_inst/O
                         net (fo=68, routed)          2.850     4.363    keyboard_ctrl_inst/rst_IBUF
    SLICE_X83Y83         FDRE                                         r  keyboard_ctrl_inst/valid_code_count_reg[0]/R
  -------------------------------------------------------------------    -------------------

                         (clock clk rise edge)        0.000     0.000 r  
    E3                                                0.000     0.000 r  clk (IN)
                         net (fo=0)                   0.000     0.000    clk
    E3                   IBUF (Prop_ibuf_I_O)         1.411     1.411 r  clk_IBUF_inst/O
                         net (fo=1, routed)           1.920     3.331    clk_IBUF
    BUFGCTRL_X0Y16       BUFG (Prop_bufg_I_O)         0.091     3.422 r  clk_IBUF_BUFG_inst/O
                         net (fo=79, routed)          1.603     5.026    keyboard_ctrl_inst/CLK
    SLICE_X83Y83         FDRE                                         r  keyboard_ctrl_inst/valid_code_count_reg[0]/C

Slack:                    inf
  Source:                 rst
                            (input port)
  Destination:            keyboard_ctrl_inst/valid_code_count_reg[1]/R
                            (rising edge-triggered cell FDRE clocked by clk  {rise@0.000ns fall@5.000ns period=10.000ns})
  Path Group:             (none)
  Path Type:              Setup (Max at Slow Process Corner)
  Data Path Delay:        4.363ns  (logic 1.513ns (34.685%)  route 2.850ns (65.315%))
  Logic Levels:           1  (IBUF=1)
  Clock Path Skew:        5.026ns (DCD - SCD + CPR)
    Destination Clock Delay (DCD):    5.026ns
    Source Clock Delay      (SCD):    0.000ns
    Clock Pessimism Removal (CPR):    0.000ns
  Clock Uncertainty:      0.025ns  ((TSJ^2 + TIJ^2)^1/2 + DJ) / 2 + PE
    Total System Jitter     (TSJ):    0.050ns
    Total Input Jitter      (TIJ):    0.000ns
    Discrete Jitter          (DJ):    0.000ns
    Phase Error              (PE):    0.000ns

    Location             Delay type                Incr(ns)  Path(ns)    Netlist Resource(s)
  -------------------------------------------------------------------    -------------------
    U9                                                0.000     0.000 r  rst (IN)
                         net (fo=0)                   0.000     0.000    rst
    U9                   IBUF (Prop_ibuf_I_O)         1.513     1.513 r  rst_IBUF_inst/O
                         net (fo=68, routed)          2.850     4.363    keyboard_ctrl_inst/rst_IBUF
    SLICE_X83Y83         FDRE                                         r  keyboard_ctrl_inst/valid_code_count_reg[1]/R
  -------------------------------------------------------------------    -------------------

                         (clock clk rise edge)        0.000     0.000 r  
    E3                                                0.000     0.000 r  clk (IN)
                         net (fo=0)                   0.000     0.000    clk
    E3                   IBUF (Prop_ibuf_I_O)         1.411     1.411 r  clk_IBUF_inst/O
                         net (fo=1, routed)           1.920     3.331    clk_IBUF
    BUFGCTRL_X0Y16       BUFG (Prop_bufg_I_O)         0.091     3.422 r  clk_IBUF_BUFG_inst/O
                         net (fo=79, routed)          1.603     5.026    keyboard_ctrl_inst/CLK
    SLICE_X83Y83         FDRE                                         r  keyboard_ctrl_inst/valid_code_count_reg[1]/C





Min Delay Paths
--------------------------------------------------------------------------------------
Slack:                    inf
  Source:                 kb_clk
                            (input port)
  Destination:            sync_keyboard_inst/kb_clk_tmp_reg/D
                            (rising edge-triggered cell FDRE clocked by clk  {rise@0.000ns fall@5.000ns period=10.000ns})
  Path Group:             (none)
  Path Type:              Hold (Min at Fast Process Corner)
  Data Path Delay:        1.042ns  (logic 0.240ns (23.010%)  route 0.802ns (76.990%))
  Logic Levels:           1  (IBUF=1)
  Clock Path Skew:        2.042ns (DCD - SCD - CPR)
    Destination Clock Delay (DCD):    2.042ns
    Source Clock Delay      (SCD):    0.000ns
    Clock Pessimism Removal (CPR):    -0.000ns

    Location             Delay type                Incr(ns)  Path(ns)    Netlist Resource(s)
  -------------------------------------------------------------------    -------------------
    F4                                                0.000     0.000 r  kb_clk (IN)
                         net (fo=0)                   0.000     0.000    kb_clk
    F4                   IBUF (Prop_ibuf_I_O)         0.240     0.240 r  kb_clk_IBUF_inst/O
                         net (fo=1, routed)           0.802     1.042    sync_keyboard_inst/kb_clk_IBUF
    SLICE_X88Y89         FDRE                                         r  sync_keyboard_inst/kb_clk_tmp_reg/D
  -------------------------------------------------------------------    -------------------

                         (clock clk rise edge)        0.000     0.000 r  
    E3                                                0.000     0.000 r  clk (IN)
                         net (fo=0)                   0.000     0.000    clk
    E3                   IBUF (Prop_ibuf_I_O)         0.438     0.438 r  clk_IBUF_inst/O
                         net (fo=1, routed)           0.699     1.136    clk_IBUF
    BUFGCTRL_X0Y16       BUFG (Prop_bufg_I_O)         0.029     1.165 r  clk_IBUF_BUFG_inst/O
                         net (fo=79, routed)          0.877     2.042    sync_keyboard_inst/CLK
    SLICE_X88Y89         FDRE                                         r  sync_keyboard_inst/kb_clk_tmp_reg/C

Slack:                    inf
  Source:                 rst
                            (input port)
  Destination:            convert_scancode_inst/scan_code_reg_reg[6]_lopt_replica/R
                            (rising edge-triggered cell FDRE clocked by clk  {rise@0.000ns fall@5.000ns period=10.000ns})
  Path Group:             (none)
  Path Type:              Hold (Min at Fast Process Corner)
  Data Path Delay:        1.045ns  (logic 0.281ns (26.896%)  route 0.764ns (73.104%))
  Logic Levels:           1  (IBUF=1)
  Clock Path Skew:        2.033ns (DCD - SCD - CPR)
    Destination Clock Delay (DCD):    2.033ns
    Source Clock Delay      (SCD):    0.000ns
    Clock Pessimism Removal (CPR):    -0.000ns

    Location             Delay type                Incr(ns)  Path(ns)    Netlist Resource(s)
  -------------------------------------------------------------------    -------------------
    U9                                                0.000     0.000 r  rst (IN)
                         net (fo=0)                   0.000     0.000    rst
    U9                   IBUF (Prop_ibuf_I_O)         0.281     0.281 r  rst_IBUF_inst/O
                         net (fo=68, routed)          0.764     1.045    convert_scancode_inst/rst_IBUF
    SLICE_X88Y79         FDRE                                         r  convert_scancode_inst/scan_code_reg_reg[6]_lopt_replica/R
  -------------------------------------------------------------------    -------------------

                         (clock clk rise edge)        0.000     0.000 r  
    E3                                                0.000     0.000 r  clk (IN)
                         net (fo=0)                   0.000     0.000    clk
    E3                   IBUF (Prop_ibuf_I_O)         0.438     0.438 r  clk_IBUF_inst/O
                         net (fo=1, routed)           0.699     1.136    clk_IBUF
    BUFGCTRL_X0Y16       BUFG (Prop_bufg_I_O)         0.029     1.165 r  clk_IBUF_BUFG_inst/O
                         net (fo=79, routed)          0.868     2.033    convert_scancode_inst/CLK
    SLICE_X88Y79         FDRE                                         r  convert_scancode_inst/scan_code_reg_reg[6]_lopt_replica/C

Slack:                    inf
  Source:                 rst
                            (input port)
  Destination:            convert_scancode_inst/scan_code_reg_reg[0]_lopt_replica/R
                            (rising edge-triggered cell FDRE clocked by clk  {rise@0.000ns fall@5.000ns period=10.000ns})
  Path Group:             (none)
  Path Type:              Hold (Min at Fast Process Corner)
  Data Path Delay:        1.047ns  (logic 0.281ns (26.839%)  route 0.766ns (73.161%))
  Logic Levels:           1  (IBUF=1)
  Clock Path Skew:        2.033ns (DCD - SCD - CPR)
    Destination Clock Delay (DCD):    2.033ns
    Source Clock Delay      (SCD):    0.000ns
    Clock Pessimism Removal (CPR):    -0.000ns

    Location             Delay type                Incr(ns)  Path(ns)    Netlist Resource(s)
  -------------------------------------------------------------------    -------------------
    U9                                                0.000     0.000 r  rst (IN)
                         net (fo=0)                   0.000     0.000    rst
    U9                   IBUF (Prop_ibuf_I_O)         0.281     0.281 r  rst_IBUF_inst/O
                         net (fo=68, routed)          0.766     1.047    convert_scancode_inst/rst_IBUF
    SLICE_X86Y79         FDRE                                         r  convert_scancode_inst/scan_code_reg_reg[0]_lopt_replica/R
  -------------------------------------------------------------------    -------------------

                         (clock clk rise edge)        0.000     0.000 r  
    E3                                                0.000     0.000 r  clk (IN)
                         net (fo=0)                   0.000     0.000    clk
    E3                   IBUF (Prop_ibuf_I_O)         0.438     0.438 r  clk_IBUF_inst/O
                         net (fo=1, routed)           0.699     1.136    clk_IBUF
    BUFGCTRL_X0Y16       BUFG (Prop_bufg_I_O)         0.029     1.165 r  clk_IBUF_BUFG_inst/O
                         net (fo=79, routed)          0.868     2.033    convert_scancode_inst/CLK
    SLICE_X86Y79         FDRE                                         r  convert_scancode_inst/scan_code_reg_reg[0]_lopt_replica/C

Slack:                    inf
  Source:                 rst
                            (input port)
  Destination:            convert_scancode_inst/scan_code_reg_reg[3]_lopt_replica/R
                            (rising edge-triggered cell FDRE clocked by clk  {rise@0.000ns fall@5.000ns period=10.000ns})
  Path Group:             (none)
  Path Type:              Hold (Min at Fast Process Corner)
  Data Path Delay:        1.047ns  (logic 0.281ns (26.839%)  route 0.766ns (73.161%))
  Logic Levels:           1  (IBUF=1)
  Clock Path Skew:        2.033ns (DCD - SCD - CPR)
    Destination Clock Delay (DCD):    2.033ns
    Source Clock Delay      (SCD):    0.000ns
    Clock Pessimism Removal (CPR):    -0.000ns

    Location             Delay type                Incr(ns)  Path(ns)    Netlist Resource(s)
  -------------------------------------------------------------------    -------------------
    U9                                                0.000     0.000 r  rst (IN)
                         net (fo=0)                   0.000     0.000    rst
    U9                   IBUF (Prop_ibuf_I_O)         0.281     0.281 r  rst_IBUF_inst/O
                         net (fo=68, routed)          0.766     1.047    convert_scancode_inst/rst_IBUF
    SLICE_X86Y79         FDRE                                         r  convert_scancode_inst/scan_code_reg_reg[3]_lopt_replica/R
  -------------------------------------------------------------------    -------------------

                         (clock clk rise edge)        0.000     0.000 r  
    E3                                                0.000     0.000 r  clk (IN)
                         net (fo=0)                   0.000     0.000    clk
    E3                   IBUF (Prop_ibuf_I_O)         0.438     0.438 r  clk_IBUF_inst/O
                         net (fo=1, routed)           0.699     1.136    clk_IBUF
    BUFGCTRL_X0Y16       BUFG (Prop_bufg_I_O)         0.029     1.165 r  clk_IBUF_BUFG_inst/O
                         net (fo=79, routed)          0.868     2.033    convert_scancode_inst/CLK
    SLICE_X86Y79         FDRE                                         r  convert_scancode_inst/scan_code_reg_reg[3]_lopt_replica/C

Slack:                    inf
  Source:                 rst
                            (input port)
  Destination:            convert_scancode_inst/scan_code_reg_reg[4]_lopt_replica/R
                            (rising edge-triggered cell FDRE clocked by clk  {rise@0.000ns fall@5.000ns period=10.000ns})
  Path Group:             (none)
  Path Type:              Hold (Min at Fast Process Corner)
  Data Path Delay:        1.047ns  (logic 0.281ns (26.839%)  route 0.766ns (73.161%))
  Logic Levels:           1  (IBUF=1)
  Clock Path Skew:        2.033ns (DCD - SCD - CPR)
    Destination Clock Delay (DCD):    2.033ns
    Source Clock Delay      (SCD):    0.000ns
    Clock Pessimism Removal (CPR):    -0.000ns

    Location             Delay type                Incr(ns)  Path(ns)    Netlist Resource(s)
  -------------------------------------------------------------------    -------------------
    U9                                                0.000     0.000 r  rst (IN)
                         net (fo=0)                   0.000     0.000    rst
    U9                   IBUF (Prop_ibuf_I_O)         0.281     0.281 r  rst_IBUF_inst/O
                         net (fo=68, routed)          0.766     1.047    convert_scancode_inst/rst_IBUF
    SLICE_X86Y79         FDRE                                         r  convert_scancode_inst/scan_code_reg_reg[4]_lopt_replica/R
  -------------------------------------------------------------------    -------------------

                         (clock clk rise edge)        0.000     0.000 r  
    E3                                                0.000     0.000 r  clk (IN)
                         net (fo=0)                   0.000     0.000    clk
    E3                   IBUF (Prop_ibuf_I_O)         0.438     0.438 r  clk_IBUF_inst/O
                         net (fo=1, routed)           0.699     1.136    clk_IBUF
    BUFGCTRL_X0Y16       BUFG (Prop_bufg_I_O)         0.029     1.165 r  clk_IBUF_BUFG_inst/O
                         net (fo=79, routed)          0.868     2.033    convert_scancode_inst/CLK
    SLICE_X86Y79         FDRE                                         r  convert_scancode_inst/scan_code_reg_reg[4]_lopt_replica/C

Slack:                    inf
  Source:                 rst
                            (input port)
  Destination:            convert_scancode_inst/scan_code_reg_reg[1]_lopt_replica/R
                            (rising edge-triggered cell FDRE clocked by clk  {rise@0.000ns fall@5.000ns period=10.000ns})
  Path Group:             (none)
  Path Type:              Hold (Min at Fast Process Corner)
  Data Path Delay:        1.052ns  (logic 0.281ns (26.707%)  route 0.771ns (73.293%))
  Logic Levels:           1  (IBUF=1)
  Clock Path Skew:        2.034ns (DCD - SCD - CPR)
    Destination Clock Delay (DCD):    2.034ns
    Source Clock Delay      (SCD):    0.000ns
    Clock Pessimism Removal (CPR):    -0.000ns

    Location             Delay type                Incr(ns)  Path(ns)    Netlist Resource(s)
  -------------------------------------------------------------------    -------------------
    U9                                                0.000     0.000 r  rst (IN)
                         net (fo=0)                   0.000     0.000    rst
    U9                   IBUF (Prop_ibuf_I_O)         0.281     0.281 r  rst_IBUF_inst/O
                         net (fo=68, routed)          0.771     1.052    convert_scancode_inst/rst_IBUF
    SLICE_X89Y80         FDRE                                         r  convert_scancode_inst/scan_code_reg_reg[1]_lopt_replica/R
  -------------------------------------------------------------------    -------------------

                         (clock clk rise edge)        0.000     0.000 r  
    E3                                                0.000     0.000 r  clk (IN)
                         net (fo=0)                   0.000     0.000    clk
    E3                   IBUF (Prop_ibuf_I_O)         0.438     0.438 r  clk_IBUF_inst/O
                         net (fo=1, routed)           0.699     1.136    clk_IBUF
    BUFGCTRL_X0Y16       BUFG (Prop_bufg_I_O)         0.029     1.165 r  clk_IBUF_BUFG_inst/O
                         net (fo=79, routed)          0.869     2.034    convert_scancode_inst/CLK
    SLICE_X89Y80         FDRE                                         r  convert_scancode_inst/scan_code_reg_reg[1]_lopt_replica/C

Slack:                    inf
  Source:                 rst
                            (input port)
  Destination:            convert_scancode_inst/scan_code_reg_reg[2]_lopt_replica/R
                            (rising edge-triggered cell FDRE clocked by clk  {rise@0.000ns fall@5.000ns period=10.000ns})
  Path Group:             (none)
  Path Type:              Hold (Min at Fast Process Corner)
  Data Path Delay:        1.052ns  (logic 0.281ns (26.707%)  route 0.771ns (73.293%))
  Logic Levels:           1  (IBUF=1)
  Clock Path Skew:        2.034ns (DCD - SCD - CPR)
    Destination Clock Delay (DCD):    2.034ns
    Source Clock Delay      (SCD):    0.000ns
    Clock Pessimism Removal (CPR):    -0.000ns

    Location             Delay type                Incr(ns)  Path(ns)    Netlist Resource(s)
  -------------------------------------------------------------------    -------------------
    U9                                                0.000     0.000 r  rst (IN)
                         net (fo=0)                   0.000     0.000    rst
    U9                   IBUF (Prop_ibuf_I_O)         0.281     0.281 r  rst_IBUF_inst/O
                         net (fo=68, routed)          0.771     1.052    convert_scancode_inst/rst_IBUF
    SLICE_X88Y80         FDRE                                         r  convert_scancode_inst/scan_code_reg_reg[2]_lopt_replica/R
  -------------------------------------------------------------------    -------------------

                         (clock clk rise edge)        0.000     0.000 r  
    E3                                                0.000     0.000 r  clk (IN)
                         net (fo=0)                   0.000     0.000    clk
    E3                   IBUF (Prop_ibuf_I_O)         0.438     0.438 r  clk_IBUF_inst/O
                         net (fo=1, routed)           0.699     1.136    clk_IBUF
    BUFGCTRL_X0Y16       BUFG (Prop_bufg_I_O)         0.029     1.165 r  clk_IBUF_BUFG_inst/O
                         net (fo=79, routed)          0.869     2.034    convert_scancode_inst/CLK
    SLICE_X88Y80         FDRE                                         r  convert_scancode_inst/scan_code_reg_reg[2]_lopt_replica/C

Slack:                    inf
  Source:                 rst
                            (input port)
  Destination:            convert_scancode_inst/scan_code_reg_reg[5]_lopt_replica/R
                            (rising edge-triggered cell FDRE clocked by clk  {rise@0.000ns fall@5.000ns period=10.000ns})
  Path Group:             (none)
  Path Type:              Hold (Min at Fast Process Corner)
  Data Path Delay:        1.052ns  (logic 0.281ns (26.707%)  route 0.771ns (73.293%))
  Logic Levels:           1  (IBUF=1)
  Clock Path Skew:        2.034ns (DCD - SCD - CPR)
    Destination Clock Delay (DCD):    2.034ns
    Source Clock Delay      (SCD):    0.000ns
    Clock Pessimism Removal (CPR):    -0.000ns

    Location             Delay type                Incr(ns)  Path(ns)    Netlist Resource(s)
  -------------------------------------------------------------------    -------------------
    U9                                                0.000     0.000 r  rst (IN)
                         net (fo=0)                   0.000     0.000    rst
    U9                   IBUF (Prop_ibuf_I_O)         0.281     0.281 r  rst_IBUF_inst/O
                         net (fo=68, routed)          0.771     1.052    convert_scancode_inst/rst_IBUF
    SLICE_X88Y80         FDRE                                         r  convert_scancode_inst/scan_code_reg_reg[5]_lopt_replica/R
  -------------------------------------------------------------------    -------------------

                         (clock clk rise edge)        0.000     0.000 r  
    E3                                                0.000     0.000 r  clk (IN)
                         net (fo=0)                   0.000     0.000    clk
    E3                   IBUF (Prop_ibuf_I_O)         0.438     0.438 r  clk_IBUF_inst/O
                         net (fo=1, routed)           0.699     1.136    clk_IBUF
    BUFGCTRL_X0Y16       BUFG (Prop_bufg_I_O)         0.029     1.165 r  clk_IBUF_BUFG_inst/O
                         net (fo=79, routed)          0.869     2.034    convert_scancode_inst/CLK
    SLICE_X88Y80         FDRE                                         r  convert_scancode_inst/scan_code_reg_reg[5]_lopt_replica/C

Slack:                    inf
  Source:                 rst
                            (input port)
  Destination:            convert_scancode_inst/scan_code_reg_reg[7]/R
                            (rising edge-triggered cell FDRE clocked by clk  {rise@0.000ns fall@5.000ns period=10.000ns})
  Path Group:             (none)
  Path Type:              Hold (Min at Fast Process Corner)
  Data Path Delay:        1.052ns  (logic 0.281ns (26.707%)  route 0.771ns (73.293%))
  Logic Levels:           1  (IBUF=1)
  Clock Path Skew:        2.034ns (DCD - SCD - CPR)
    Destination Clock Delay (DCD):    2.034ns
    Source Clock Delay      (SCD):    0.000ns
    Clock Pessimism Removal (CPR):    -0.000ns

    Location             Delay type                Incr(ns)  Path(ns)    Netlist Resource(s)
  -------------------------------------------------------------------    -------------------
    U9                                                0.000     0.000 r  rst (IN)
                         net (fo=0)                   0.000     0.000    rst
    U9                   IBUF (Prop_ibuf_I_O)         0.281     0.281 r  rst_IBUF_inst/O
                         net (fo=68, routed)          0.771     1.052    convert_scancode_inst/rst_IBUF
    SLICE_X88Y80         FDRE                                         r  convert_scancode_inst/scan_code_reg_reg[7]/R
  -------------------------------------------------------------------    -------------------

                         (clock clk rise edge)        0.000     0.000 r  
    E3                                                0.000     0.000 r  clk (IN)
                         net (fo=0)                   0.000     0.000    clk
    E3                   IBUF (Prop_ibuf_I_O)         0.438     0.438 r  clk_IBUF_inst/O
                         net (fo=1, routed)           0.699     1.136    clk_IBUF
    BUFGCTRL_X0Y16       BUFG (Prop_bufg_I_O)         0.029     1.165 r  clk_IBUF_BUFG_inst/O
                         net (fo=79, routed)          0.869     2.034    convert_scancode_inst/CLK
    SLICE_X88Y80         FDRE                                         r  convert_scancode_inst/scan_code_reg_reg[7]/C

Slack:                    inf
  Source:                 rst
                            (input port)
  Destination:            convert_scancode_inst/scan_code_reg_reg[7]_lopt_replica/R
                            (rising edge-triggered cell FDRE clocked by clk  {rise@0.000ns fall@5.000ns period=10.000ns})
  Path Group:             (none)
  Path Type:              Hold (Min at Fast Process Corner)
  Data Path Delay:        1.052ns  (logic 0.281ns (26.707%)  route 0.771ns (73.293%))
  Logic Levels:           1  (IBUF=1)
  Clock Path Skew:        2.034ns (DCD - SCD - CPR)
    Destination Clock Delay (DCD):    2.034ns
    Source Clock Delay      (SCD):    0.000ns
    Clock Pessimism Removal (CPR):    -0.000ns

    Location             Delay type                Incr(ns)  Path(ns)    Netlist Resource(s)
  -------------------------------------------------------------------    -------------------
    U9                                                0.000     0.000 r  rst (IN)
                         net (fo=0)                   0.000     0.000    rst
    U9                   IBUF (Prop_ibuf_I_O)         0.281     0.281 r  rst_IBUF_inst/O
                         net (fo=68, routed)          0.771     1.052    convert_scancode_inst/rst_IBUF
    SLICE_X88Y80         FDRE                                         r  convert_scancode_inst/scan_code_reg_reg[7]_lopt_replica/R
  -------------------------------------------------------------------    -------------------

                         (clock clk rise edge)        0.000     0.000 r  
    E3                                                0.000     0.000 r  clk (IN)
                         net (fo=0)                   0.000     0.000    clk
    E3                   IBUF (Prop_ibuf_I_O)         0.438     0.438 r  clk_IBUF_inst/O
                         net (fo=1, routed)           0.699     1.136    clk_IBUF
    BUFGCTRL_X0Y16       BUFG (Prop_bufg_I_O)         0.029     1.165 r  clk_IBUF_BUFG_inst/O
                         net (fo=79, routed)          0.869     2.034    convert_scancode_inst/CLK
    SLICE_X88Y80         FDRE                                         r  convert_scancode_inst/scan_code_reg_reg[7]_lopt_replica/C





